provinsi,boundary_code_prov,kabupaten_kota,boundary_code_kab,boundary_code_kab_dot,wilayah_key,geo_name,geometry_type,kecamatan,desa_kelurahan,bts_ada,internet_5g_4g_lte,angkutan_trayek_tetap,angkutan_tanpa_trayek_tetap,tidak_ada_angkutan_umum,tidak_ada_pertokoan_dan_pasar,pasar_bangunan_permanen,tidak_ada_bank,kur,produk_unggulan_ada,sinyal_sangat_kuat,sinyal_kuat,produk_unggulan_diekspor,pct_bts,pct_4g5g,pct_public_transport,pct_market_access,pct_permanent_market,pct_bank_access,pct_kur,pct_leading_product,pct_signal_good,pct_export_villages,pca_complete_case,quality_flag,quality_note,geo_match_method,geo_match_score,source_year,source,PC1,PC2,PC3,PC4,cluster,cluster_label,mahalanobis_d2,outlier_99
Aceh,11,Simeulue,1109,11.09,aceh|simeulue,Kabupaten Simeulue,MultiPolygon,10,138,51,128,27,38,73,132,4,135,9,5,14,80,0,36.95652173913043,92.7536231884058,47.10144927536232,4.347826086956519,2.898550724637681,2.1739130434782594,6.521739130434782,3.6231884057971016,68.11594202898551,0.0,YES,OK,OK,core_exact,1.0,2024,BPS - Pendataan Potensi Desa (Podes) 2024,-3.071625344983206,-0.8052291356082836,-0.10956152913579582,1.2905782604069855,1,Relatif rendah lintas indikator,14.341341200090039,NO
Aceh,11,Aceh Singkil,1110,11.10,aceh|acehsingkil,Kabupaten Aceh Singkil,MultiPolygon,11,119,38,107,24,40,55,96,12,115,85,28,13,70,0,31.932773109243694,89.91596638655463,53.78151260504202,19.327731092436974,10.084033613445378,3.361344537815125,71.42857142857143,23.52941176470588,69.74789915966386,0.0,YES,OK,OK,core_exact,1.0,2024,BPS - Pendataan Potensi Desa (Podes) 2024,-1.5696312553885425,0.15549300235087166,0.4515272164937459,-0.3950087120669484,2,Menengah / transisi,5.110416032521071,NO
Aceh,11,Aceh Selatan,1101,11.01,aceh|acehselatan,Kabupaten Aceh Selatan,MultiPolygon,18,260,82,240,73,76,111,217,21,248,108,20,46,174,2,31.538461538461537,92.3076923076923,57.30769230769231,16.538461538461537,8.076923076923077,4.61538461538461,41.53846153846154,7.6923076923076925,84.61538461538461,0.7692307692307693,YES,OK,OK,core_exact,1.0,2024,BPS - Pendataan Potensi Desa (Podes) 2024,-2.1616901225427836,-0.26975905443618037,-0.2923461460889406,0.34317676194762675,1,Relatif rendah lintas indikator,7.155690732869534,NO
Aceh,11,Aceh Tenggara,1102,11.02,aceh|acehtenggara,Kabupaten Aceh Tenggara,Polygon,16,385,55,358,164,153,68,358,8,378,186,10,94,241,0,14.285714285714285,92.98701298701299,82.33766233766234,7.012987012987015,2.0779220779220777,1.8181818181818188,48.311688311688314,2.5974025974025974,87.01298701298701,0.0,YES,OK,OK,core_exact,1.0,2024,BPS - Pendataan Potensi Desa (Podes) 2024,-2.5167639485645443,0.7993477326287289,-1.1645011210072094,-0.05723773877583586,1,Relatif rendah lintas indikator,9.43110940638791,NO
Aceh,11,Aceh Timur,1103,11.03,aceh|acehtimur,Kabupaten Aceh Timur,MultiPolygon,24,515,120,426,110,112,293,453,16,506,92,31,122,289,1,23.300970873786408,82.71844660194175,43.10679611650485,12.038834951456312,3.1067961165048543,1.747572815533982,17.864077669902912,6.019417475728155,79.80582524271844,0.1941747572815534,YES,OK,OK,core_exact,1.0,2024,BPS - Pendataan Potensi Desa (Podes) 2024,-3.2579546862422872,-0.9144088225283501,-0.01819977224593265,0.39997448617119097,1,Relatif rendah lintas indikator,10.761651349970425,NO
Aceh,11,Aceh Tengah,1104,11.04,aceh|acehtengah,Kabupaten Aceh Tengah,Polygon,14,295,72,247,116,55,124,250,5,282,203,12,63,177,1,24.40677966101695,83.72881355932203,57.96610169491525,15.254237288135597,1.694915254237288,4.406779661016946,68.8135593220339,4.067796610169491,81.35593220338984,0.3389830508474576,YES,OK,OK,core_exact,1.0,2024,BPS - Pendataan Potensi Desa (Podes) 2024,-2.41997238998507,0.2489271371503925,-0.331242592111375,-0.27701186432158825,1,Relatif rendah lintas indikator,5.098999539489675,NO
Aceh,11,Aceh Barat,1105,11.05,aceh|acehbarat,Kabupaten Aceh Barat,Polygon,12,321,71,261,60,105,156,281,7,311,68,9,58,190,0,22.118380062305295,81.30841121495327,51.4018691588785,12.461059190031154,2.1806853582554515,3.1152647975077885,21.18380062305296,2.803738317757009,77.25856697819314,0.0,YES,OK,OK,core_exact,1.0,2024,BPS - Pendataan Potensi Desa (Podes) 2024,-3.2091880212905846,-0.7370502136997147,-0.3602301376968066,0.3067382329180933,1,Relatif rendah lintas indikator,8.98059134261741,NO
Aceh,11,Aceh Besar,1106,11.06,aceh|acehbesar,Kabupaten Aceh Besar,MultiPolygon,23,603,223,585,162,221,220,524,14,576,202,53,189,387,5,36.981757877280266,97.01492537313433,63.51575456053068,13.101160862354888,2.321724709784411,4.477611940298509,33.499170812603644,8.7893864013267,95.52238805970148,0.8291873963515755,YES,OK,OK,core_exact,1.0,2024,BPS - Pendataan Potensi Desa (Podes) 2024,-2.2115889883980113,0.013061585170891876,-0.3369660965765154,0.8735600236873708,1,Relatif rendah lintas indikator,8.301445085574446,NO
Aceh,11,Pidie,1107,11.07,aceh|pidie,Kabupaten Pidie,Polygon,23,731,116,716,164,544,23,645,13,712,123,43,201,505,2,15.868673050615595,97.94801641586868,96.85362517099864,11.764705882352944,1.7783857729138166,2.599179206566349,16.82626538987688,5.88235294117647,96.58002735978111,0.27359781121751026,YES,OK,OK,core_exact,1.0,2024,BPS - Pendataan Potensi Desa (Podes) 2024,-2.4222677213466866,0.6059152178793619,-1.564307454456739,0.46260475084388775,1,Relatif rendah lintas indikator,20.185789750786252,YES
Aceh,11,Bireuen,1111,11.11,aceh|bireuen,Kabupaten Bireuen,Polygon,17,609,159,552,101,229,279,557,3,600,135,54,100,442,2,26.108374384236456,90.64039408866995,54.187192118226605,8.538587848932677,0.49261083743842365,1.4778325123152691,22.167487684729064,8.866995073891626,88.99835796387521,0.3284072249589491,YES,OK,OK,core_exact,1.0,2024,BPS - Pendataan Potensi Desa (Podes) 2024,-2.9599728036697974,-0.29653865816954295,-0.148148578396903,0.6492068125885186,1,Relatif rendah lintas indikator,10.836329136444276,NO
Aceh,11,Aceh Utara,1108,11.08,aceh|acehutara,Kabupaten Aceh Utara,Polygon,27,852,173,695,88,231,533,743,31,837,183,37,149,615,3,20.305164319248824,81.57276995305163,37.441314553990615,12.79342723004695,3.6384976525821595,1.7605633802816878,21.47887323943662,4.342723004694836,89.67136150234741,0.35211267605633806,YES,OK,OK,core_exact,1.0,2024,BPS - Pendataan Potensi Desa (Podes) 2024,-3.3605061814497175,-1.0083065975762162,0.05352595910610238,0.258937725791353,1,Relatif rendah lintas indikator,11.366602430366052,NO
Aceh,11,Aceh Barat Daya,1112,11.12,aceh|acehbaratdaya,Kabupaten Aceh Barat Daya,MultiPolygon,9,152,47,151,70,53,29,135,10,143,88,3,42,104,0,30.92105263157895,99.3421052631579,80.92105263157895,11.184210526315786,6.578947368421052,5.921052631578949,57.89473684210527,1.9736842105263157,96.05263157894737,0.0,YES,OK,OK,core_exact,1.0,2024,BPS - Pendataan Potensi Desa (Podes) 2024,-1.742918660990841,0.7231667496239553,-1.0706676672303552,0.33536869055304025,2,Menengah / transisi,6.990588492640256,NO
Aceh,11,Gayo Lues,1113,11.13,aceh|gayolues,Kabupaten Gayo Lues,Polygon,11,148,28,139,92,48,8,127,6,144,70,15,9,117,3,18.91891891891892,93.91891891891892,94.5945945945946,14.18918918918919,4.054054054054054,2.7027027027026973,47.2972972972973,10.135135135135135,85.13513513513513,2.027027027027027,YES,OK,OK,core_exact,1.0,2024,BPS - Pendataan Potensi Desa (Podes) 2024,-1.9529499625215696,0.9084021999475919,-1.2455924560275913,-0.1164021088391686,2,Menengah / transisi,9.62756727668381,NO
Aceh,11,Aceh Tamiang,1116,11.16,aceh|acehtamiang,Kabupaten Aceh Tamiang,MultiPolygon,12,216,75,198,55,67,94,164,12,204,183,11,47,142,0,34.72222222222222,91.66666666666666,56.481481481481474,24.07407407407407,5.555555555555555,5.555555555555558,84.72222222222221,5.092592592592593,87.5,0.0,YES,OK,OK,core_exact,1.0,2024,BPS - Pendataan Potensi Desa (Podes) 2024,-1.6173158160381473,0.3932544210509926,-0.1943910003742832,-0.12441786943740367,2,Menengah / transisi,5.782091781698112,NO
Aceh,11,Nagan Raya,1115,11.15,aceh|naganraya,Kabupaten Nagan Raya,Polygon,10,222,56,210,44,93,85,202,10,215,107,20,23,149,0,25.225225225225223,94.5945945945946,61.711711711711715,9.009009009009006,4.504504504504505,3.1531531531531543,48.1981981981982,9.00900900900901,77.47747747747748,0.0,YES,OK,OK,core_exact,1.0,2024,BPS - Pendataan Potensi Desa (Podes) 2024,-2.33425094010644,0.26582931985020825,-0.32960118465283855,0.2272796172046582,1,Relatif rendah lintas indikator,7.628068239418341,NO
Aceh,11,Aceh Jaya,1114,11.14,aceh|acehjaya,Kabupaten Aceh Jaya,MultiPolygon,9,172,46,154,152,8,12,153,4,165,140,9,0,132,0,26.744186046511626,89.53488372093024,93.02325581395348,11.046511627906973,2.3255813953488373,4.069767441860462,81.3953488372093,5.232558139534884,76.74418604651163,0.0,YES,OK,OK,core_exact,1.0,2024,BPS - Pendataan Potensi Desa (Podes) 2024,-1.7042676290331802,1.352439881371706,-1.1642496678370824,-0.3787059133752203,2,Menengah / transisi,5.176206407817008,NO
Aceh,11,Bener Meriah,1117,11.17,aceh|benermeriah,Kabupaten Bener Meriah,Polygon,10,232,46,176,58,62,112,207,6,225,171,19,19,149,4,19.82758620689655,75.86206896551724,51.724137931034484,10.775862068965514,2.586206896551724,3.0172413793103425,73.70689655172413,8.189655172413794,72.41379310344827,1.7241379310344827,YES,OK,OK,core_exact,1.0,2024,BPS - Pendataan Potensi Desa (Podes) 2024,-2.687969440915432,0.12394843536717175,-0.010651709063460708,-0.7372879994700933,1,Relatif rendah lintas indikator,6.057853784618657,NO
Aceh,11,Pidie Jaya,1118,11.18,aceh|pidiejaya,Kabupaten Pidie Jaya,Polygon,8,222,53,199,42,135,45,195,8,214,74,22,55,151,3,23.873873873873876,89.63963963963964,79.72972972972973,12.16216216216216,3.6036036036036037,3.6036036036036,33.33333333333333,9.90990990990991,92.7927927927928,1.3513513513513513,YES,OK,OK,core_exact,1.0,2024,BPS - Pendataan Potensi Desa (Podes) 2024,-2.3441576831393998,0.24104984612338423,-0.8469465424268465,0.17945834022581997,1,Relatif rendah lintas indikator,8.215202297440973,NO
Aceh,11,Kota Banda Aceh,1171,11.71,aceh|kotabandaaceh,Kota Banda Aceh,MultiPolygon,9,90,76,90,19,71,0,25,6,58,75,33,44,46,6,84.44444444444444,100.0,100.0,72.22222222222221,6.666666666666667,35.55555555555555,83.33333333333334,36.666666666666664,100.0,6.666666666666667,YES,OK,OK,core_exact,1.0,2024,BPS - Pendataan Potensi Desa (Podes) 2024,1.8253742686818752,0.16585174848115122,-0.3393290901582392,0.6738032416981309,3,Relatif tinggi lintas indikator,8.776098304971782,NO
Aceh,11,Kota Sabang,1172,11.72,aceh|kotasabang,Kota Sabang,MultiPolygon,3,18,14,17,10,5,3,10,5,14,5,11,11,6,1,77.77777777777779,94.44444444444444,83.33333333333334,44.44444444444444,27.77777777777778,22.22222222222222,27.77777777777778,61.111111111111114,94.44444444444444,5.555555555555555,YES,OK,OK,core_exact,1.0,2024,BPS - Pendataan Potensi Desa (Podes) 2024,1.097681333111368,-1.1490468588832914,0.7733205202950685,0.4359929599742443,3,Relatif tinggi lintas indikator,15.336338027430918,NO
Aceh,11,Kota Langsa,1174,11.74,aceh|kotalangsa,Kota Langsa,MultiPolygon,5,66,38,65,28,36,2,44,6,60,53,25,34,30,1,57.57575757575758,98.48484848484848,96.96969696969697,33.333333333333336,9.090909090909092,9.090909090909093,80.3030303030303,37.878787878787875,96.96969696969697,1.5151515151515151,YES,OK,OK,core_exact,1.0,2024,BPS - Pendataan Potensi Desa (Podes) 2024,0.23145572961394387,1.072758335280006,-0.054192069189987625,0.04840313094028132,2,Menengah / transisi,1.718913071000962,NO
Aceh,11,Kota Lhokseumawe,1173,11.73,aceh|kotalhokseumawe,Kota Lhokseumawe,Polygon,4,68,46,68,27,12,29,46,7,58,53,10,20,46,2,67.64705882352942,100.0,57.35294117647059,32.35294117647059,10.294117647058822,14.70588235294118,77.94117647058823,14.705882352941178,97.05882352941177,2.941176470588235,YES,OK,OK,core_exact,1.0,2024,BPS - Pendataan Potensi Desa (Podes) 2024,-0.3567332101111386,-0.07169720796226554,0.21503764431217395,0.8424854888668089,2,Menengah / transisi,4.4133996417952535,NO
Aceh,11,Kota Subulussalam,1175,11.75,aceh|kotasubulussalam,Kota Subulussalam,Polygon,5,82,27,66,17,21,44,72,6,79,70,2,14,45,0,32.926829268292686,80.48780487804879,46.34146341463415,12.195121951219512,7.317073170731707,3.658536585365857,85.36585365853658,2.4390243902439024,71.95121951219512,0.0,YES,OK,OK,core_exact,1.0,2024,BPS - Pendataan Potensi Desa (Podes) 2024,-2.219210153004238,0.04255472613870458,0.035745477488519355,-0.42903396521666154,1,Relatif rendah lintas indikator,7.769330797998447,NO
Sumatera Utara,12,Nias,1204,12.04,sumaterautara|nias,Kabupaten Nias,MultiPolygon,10,170,31,110,23,133,14,145,1,168,68,4,14,68,0,18.235294117647058,64.70588235294117,91.76470588235294,14.70588235294118,0.5882352941176471,1.17647058823529,40.0,2.3529411764705883,48.23529411764706,0.0,YES,OK,OK,core_exact,1.0,2024,BPS - Pendataan Potensi Desa (Podes) 2024,-2.9246371699525384,0.08318103027250134,-1.3775871684918142,-0.676931809958315,1,Relatif rendah lintas indikator,7.464319732159385,NO
Sumatera Utara,12,Mandailing Natal,1213,12.13,sumaterautara|mandailingnatal,Kabupaten Mandailing Natal,MultiPolygon,23,407,139,351,209,123,75,298,14,397,224,45,42,234,2,34.15233415233415,86.24078624078624,81.57248157248156,26.781326781326786,3.43980343980344,2.457002457002455,55.03685503685504,11.056511056511056,67.81326781326781,0.4914004914004914,YES,OK,OK,core_exact,1.0,2024,BPS - Pendataan Potensi Desa (Podes) 2024,-1.7295965839331244,0.3697207972765136,-0.7130937627447057,-0.009327390841020251,2,Menengah / transisi,3.455706723478235,NO
Sumatera Utara,12,Tapanuli Selatan,1203,12.03,sumaterautara|tapanuliselatan,Kabupaten Tapanuli Selatan,MultiPolygon,15,248,81,185,180,43,25,191,19,241,200,38,23,166,1,32.66129032258064,74.59677419354838,89.91935483870968,22.983870967741936,7.661290322580645,2.822580645161288,80.64516129032258,15.32258064516129,76.20967741935483,0.4032258064516129,YES,OK,OK,core_exact,1.0,2024,BPS - Pendataan Potensi Desa (Podes) 2024,-1.4463571544064262,0.6549238146599607,-0.7271598067700457,-0.9410097273258423,2,Menengah / transisi,3.525791989569078,NO
Sumatera Utara,12,Tapanuli Tengah,1201,12.01,sumaterautara|tapanulitengah,Kabupaten Tapanuli Tengah,MultiPolygon,20,215,119,188,133,60,22,173,6,199,169,13,62,113,1,55.348837209302324,87.44186046511628,89.76744186046511,19.534883720930228,2.7906976744186047,7.441860465116279,78.6046511627907,6.046511627906977,81.3953488372093,0.46511627906976744,YES,OK,OK,core_exact,1.0,2024,BPS - Pendataan Potensi Desa (Podes) 2024,-1.109516076472217,0.8219027684897985,-0.8538697555761086,0.36151099681624166,2,Menengah / transisi,3.143534954373125,NO
Sumatera Utara,12,Tapanuli Utara,1202,12.02,sumaterautara|tapanuliutara,Kabupaten Tapanuli Utara,Polygon,15,252,99,228,112,97,43,220,5,238,226,46,33,167,9,39.285714285714285,90.47619047619048,82.93650793650794,12.698412698412698,1.984126984126984,5.555555555555558,89.68253968253968,18.253968253968253,79.36507936507937,3.571428571428571,YES,OK,OK,core_exact,1.0,2024,BPS - Pendataan Potensi Desa (Podes) 2024,-1.2614929353170277,1.2780327117555053,-0.3120003283690053,-0.24417501927441482,2,Menengah / transisi,3.201984806784641,NO
Sumatera Utara,12,Toba,1212,12.12,sumaterautara|toba,Kabupaten Toba,Polygon,16,244,91,208,73,116,55,205,9,228,216,19,25,156,0,37.295081967213115,85.24590163934425,77.45901639344262,15.983606557377051,3.6885245901639343,6.5573770491803245,88.52459016393442,7.786885245901639,74.18032786885246,0.0,YES,OK,OK,core_exact,1.0,2024,BPS - Pendataan Potensi Desa (Podes) 2024,-1.5232173342527575,0.8587445954845188,-0.5834226711678423,-0.33529887819011345,2,Menengah / transisi,3.6483996880888747,NO
Sumatera Utara,12,Labuhanbatu,1210,12.10,sumaterautara|labuhanbatu,Kabupaten Labuhanbatu,Polygon,9,98,75,92,46,23,29,55,3,80,85,5,30,59,0,76.53061224489795,93.87755102040816,70.40816326530613,43.87755102040817,3.061224489795918,18.36734693877551,86.73469387755102,5.1020408163265305,90.81632653061224,0.0,YES,OK,OK,core_exact,1.0,2024,BPS - Pendataan Potensi Desa (Podes) 2024,-0.18148066416607897,0.08901200504872948,-0.3618449206316444,1.0022734035206626,2,Menengah / transisi,6.904142330221752,NO
Sumatera Utara,12,Asahan,1209,12.09,sumaterautara|asahan,Kabupaten Asahan,Polygon,25,204,156,196,78,79,47,125,16,178,186,68,61,124,8,76.47058823529412,96.07843137254902,76.9607843137255,38.725490196078425,7.8431372549019605,12.745098039215685,91.17647058823529,33.33333333333333,90.68627450980392,3.9215686274509802,YES,OK,OK,core_exact,1.0,2024,BPS - Pendataan Potensi Desa (Podes) 2024,0.40838661097140844,0.552006132123329,0.4974904444110266,0.507012884090234,2,Menengah / transisi,1.9601332751071752,NO
Sumatera Utara,12,Simalungun,1208,12.08,sumaterautara|simalungun,Kabupaten Simalungun,Polygon,32,413,244,374,236,54,123,314,16,389,378,56,62,286,8,59.07990314769975,90.55690072639226,70.2179176755448,23.970944309927354,3.87409200968523,5.811138014527851,91.52542372881356,13.559322033898304,84.26150121065376,1.937046004842615,YES,OK,OK,core_exact,1.0,2024,BPS - Pendataan Potensi Desa (Podes) 2024,-0.8919964305485661,0.6986882959793485,0.0031520631066306094,0.31332456491900307,2,Menengah / transisi,3.2021418232395447,NO
Sumatera Utara,12,Dairi,1211,12.11,sumaterautara|dairi,Kabupaten Dairi,Polygon,15,169,69,160,104,51,14,147,2,163,165,73,15,121,10,40.828402366863905,94.67455621301775,91.71597633136095,13.017751479289942,1.183431952662722,3.5502958579881616,97.63313609467455,43.19526627218935,80.4733727810651,5.9171597633136095,YES,OK,OK,core_exact,1.0,2024,BPS - Pendataan Potensi Desa (Podes) 2024,-0.6064274434323552,1.9009296752190428,0.3869069493659889,-0.5331143070243596,2,Menengah / transisi,4.939846216102856,NO
Sumatera Utara,12,Karo,1206,12.06,sumaterautara|karo,Kabupaten Karo,Polygon,17,269,127,246,223,28,18,239,8,250,234,13,39,192,2,47.21189591078067,91.44981412639405,93.3085501858736,11.152416356877326,2.973977695167286,7.063197026022305,86.98884758364312,4.83271375464684,85.87360594795538,0.7434944237918215,YES,OK,OK,core_exact,1.0,2024,BPS - Pendataan Potensi Desa (Podes) 2024,-1.1860552297543863,1.2885837528514292,-1.0152632611337022,0.15920923112515578,2,Menengah / transisi,4.8229766333151405,NO
Sumatera Utara,12,Deli Serdang,1207,12.07,sumaterautara|deliserdang,Kabupaten Deli Serdang,MultiPolygon,22,394,262,335,193,50,151,250,29,341,349,46,82,251,4,66.49746192893402,85.0253807106599,61.6751269035533,36.54822335025381,7.3604060913705585,13.451776649746193,88.57868020304569,11.6751269035533,84.51776649746193,1.015228426395939,YES,OK,OK,core_exact,1.0,2024,BPS - Pendataan Potensi Desa (Podes) 2024,-0.5928721148739993,-0.11552161128754058,0.0701297287691935,0.3082172918685773,2,Menengah / transisi,4.151165337812454,NO
Sumatera Utara,12,Langkat,1205,12.05,sumaterautara|langkat,Kabupaten Langkat,MultiPolygon,23,277,207,249,121,40,116,157,12,252,262,65,71,165,11,74.72924187725631,89.89169675090253,58.12274368231047,43.321299638989174,4.332129963898916,9.025270758122739,94.58483754512635,23.465703971119133,85.1985559566787,3.9711191335740073,YES,OK,OK,core_exact,1.0,2024,BPS - Pendataan Potensi Desa (Podes) 2024,-0.20807109412908456,0.14695605653900723,0.7261229556689084,0.5185221838029246,2,Menengah / transisi,5.677007494665549,NO
Sumatera Utara,12,Nias Selatan,1214,12.14,sumaterautara|niasselatan,Kabupaten Nias Selatan,MultiPolygon,35,461,107,386,43,140,278,437,7,456,81,33,41,148,0,23.210412147505423,83.73101952277658,39.69631236442516,5.206073752711493,1.5184381778741864,1.0845986984815648,17.570498915401302,7.158351409978309,40.99783080260303,0.0,YES,OK,OK,core_exact,1.0,2024,BPS - Pendataan Potensi Desa (Podes) 2024,-3.4466129264065084,-0.8161286211091827,0.1559735758755978,0.500005259293405,1,Relatif rendah lintas indikator,11.437895265520687,NO
Sumatera Utara,12,Humbang Hasundutan,1216,12.16,sumaterautara|humbanghasundutan,Kabupaten Humbang Hasundutan,Polygon,10,154,70,136,128,20,6,136,6,147,149,10,12,113,2,45.45454545454545,88.31168831168831,96.1038961038961,11.688311688311693,3.896103896103896,4.545454545454541,96.75324675324676,6.493506493506493,81.16883116883116,1.2987012987012987,YES,OK,OK,core_exact,1.0,2024,BPS - Pendataan Potensi Desa (Podes) 2024,-1.1120830247939144,1.4752049349228484,-0.9912584054038911,-0.17525973215365356,2,Menengah / transisi,5.815442258322075,NO
Sumatera Utara,12,Pakpak Bharat,1215,12.15,sumaterautara|pakpakbharat,Kabupaten Pakpak Bharat,Polygon,8,52,22,45,38,3,11,41,3,50,49,14,6,36,0,42.30769230769231,86.53846153846155,78.84615384615384,21.153846153846157,5.769230769230769,3.8461538461538436,94.23076923076923,26.923076923076923,80.76923076923077,0.0,YES,OK,OK,core_exact,1.0,2024,BPS - Pendataan Potensi Desa (Podes) 2024,-0.9218315095719227,1.0315017236617683,0.1070760571001129,-0.5649256683286914,2,Menengah / transisi,2.184804388700141,NO
Sumatera Utara,12,Samosir,1217,12.17,sumaterautara|samosir,Kabupaten Samosir,Polygon,9,134,56,127,93,20,21,103,13,126,127,33,13,99,2,41.7910447761194,94.77611940298507,84.32835820895522,23.134328358208954,9.701492537313433,5.970149253731338,94.77611940298507,24.62686567164179,83.5820895522388,1.4925373134328357,YES,OK,OK,core_exact,1.0,2024,BPS - Pendataan Potensi Desa (Podes) 2024,-0.5274830210775661,1.1655117371529828,-0.20518178280203023,-0.4547503764514964,2,Menengah / transisi,2.4559299247203676,NO
Sumatera Utara,12,Serdang Bedagai,1218,12.18,sumaterautara|serdangbedagai,Kabupaten Serdang Bedagai,MultiPolygon,17,243,136,228,63,36,144,174,10,229,227,51,35,176,2,55.96707818930041,93.82716049382715,40.74074074074074,28.395061728395067,4.11522633744856,5.7613168724279795,93.4156378600823,20.98765432098765,86.83127572016461,0.823045267489712,YES,OK,OK,core_exact,1.0,2024,BPS - Pendataan Potensi Desa (Podes) 2024,-1.0399970056458838,0.22514009817971511,1.009343405234345,0.29282299618643054,2,Menengah / transisi,7.969263362506332,NO
Sumatera Utara,12,Batu Bara,1219,12.19,sumaterautara|batubara,Kabupaten Batu Bara,MultiPolygon,12,151,88,150,74,26,51,93,7,140,144,41,36,106,6,58.27814569536424,99.33774834437085,66.22516556291392,38.41059602649006,4.635761589403973,7.284768211920534,95.36423841059603,27.1523178807947,94.03973509933775,3.9735099337748347,YES,OK,OK,core_exact,1.0,2024,BPS - Pendataan Potensi Desa (Podes) 2024,-0.2253315661472848,0.772085532344149,0.5014227113547389,0.2487631668781825,2,Menengah / transisi,3.650888924703591,NO
Sumatera Utara,12,Padang Lawas Utara,1220,12.20,sumaterautara|padanglawasutara,Kabupaten Padang Lawas Utara,Polygon,12,388,61,254,100,137,151,341,24,384,166,7,48,167,0,15.721649484536082,65.4639175257732,61.08247422680413,12.113402061855671,6.185567010309279,1.0309278350515427,42.78350515463917,1.804123711340206,55.412371134020624,0.0,YES,OK,OK,core_exact,1.0,2024,BPS - Pendataan Potensi Desa (Podes) 2024,-3.1969841376817376,-0.5885141467899783,-0.6285966451670584,-0.7686332509805837,1,Relatif rendah lintas indikator,5.167849454035398,NO
Sumatera Utara,12,Padang Lawas,1221,12.21,sumaterautara|padanglawas,Kabupaten Padang Lawas,Polygon,17,304,75,288,140,83,81,247,17,297,274,4,51,210,1,24.671052631578945,94.73684210526315,73.35526315789474,18.75,5.592105263157895,2.3026315789473673,90.13157894736842,1.3157894736842104,85.85526315789474,0.3289473684210526,YES,OK,OK,core_exact,1.0,2024,BPS - Pendataan Potensi Desa (Podes) 2024,-1.6505436889298706,1.0715241538815452,-0.805715228182751,-0.38972217139703574,2,Menengah / transisi,6.900044544309468,NO
Sumatera Utara,12,Labuhanbatu Selatan,1222,12.22,sumaterautara|labuhanbatuselatan,Kabupaten Labuhanbatu Selatan,Polygon,5,54,41,49,39,3,12,19,5,46,52,32,17,28,3,75.92592592592592,90.74074074074075,77.77777777777779,64.81481481481481,9.25925925925926,14.814814814814813,96.29629629629629,59.25925925925925,83.33333333333334,5.555555555555555,YES,OK,OK,core_exact,1.0,2024,BPS - Pendataan Potensi Desa (Podes) 2024,1.2967263648734646,0.30476798949553874,1.272035697606099,-0.22700355532731586,2,Menengah / transisi,7.159251808348337,NO
Sumatera Utara,12,Labuhanbatu Utara,1223,12.23,sumaterautara|labuhanbatuutara,Kabupaten Labuhanbatu Utara,MultiPolygon,8,90,68,78,42,21,27,45,5,80,77,6,34,38,1,75.55555555555556,86.66666666666667,70.0,50.0,5.555555555555555,11.111111111111116,85.55555555555556,6.666666666666667,80.0,1.1111111111111112,YES,OK,OK,core_exact,1.0,2024,BPS - Pendataan Potensi Desa (Podes) 2024,-0.28491206375129013,-0.11524442903497972,-0.2561015350794681,0.6867267313208797,2,Menengah / transisi,6.3223170969591695,NO
Sumatera Utara,12,Nias Utara,1224,12.24,sumaterautara|niasutara,Kabupaten Nias Utara,MultiPolygon,11,113,45,83,5,58,50,84,8,110,33,0,3,44,0,39.823008849557525,73.45132743362832,55.75221238938053,25.663716814159287,7.079646017699115,2.6548672566371723,29.20353982300885,0.0,41.5929203539823,0.0,YES,OK,OK,core_exact,1.0,2024,BPS - Pendataan Potensi Desa (Podes) 2024,-2.597688477888149,-1.1302461399856445,-0.45055350156376334,0.3057190290103738,1,Relatif rendah lintas indikator,4.618945314182557,NO
Sumatera Utara,12,Nias Barat,1225,12.25,sumaterautara|niasbarat,Kabupaten Nias Barat,MultiPolygon,8,105,27,47,4,63,38,93,7,103,15,4,8,23,0,25.71428571428571,44.761904761904766,63.8095238095238,11.428571428571432,6.666666666666667,1.904761904761909,14.285714285714285,3.8095238095238098,29.523809523809526,0.0,YES,OK,OK,core_exact,1.0,2024,BPS - Pendataan Potensi Desa (Podes) 2024,-3.6843742843415725,-1.624918427767089,-0.6139713312139763,-0.7340724657480608,1,Relatif rendah lintas indikator,8.797049974185668,NO
Sumatera Utara,12,Kota Sibolga,1273,12.73,sumaterautara|kotasibolga,Kota Sibolga,MultiPolygon,4,17,14,17,16,1,0,8,4,11,16,3,17,0,0,82.35294117647058,100.0,100.0,52.94117647058824,23.52941176470588,35.29411764705882,94.11764705882352,17.647058823529413,100.0,0.0,YES,OK,OK,core_exact,1.0,2024,BPS - Pendataan Potensi Desa (Podes) 2024,1.811811314893678,-0.014434119286515583,-1.0721203843197193,0.3469262529207398,3,Relatif tinggi lintas indikator,4.261848576341252,NO
Sumatera Utara,12,Kota Tanjungbalai,1274,12.74,sumaterautara|kotatanjungbalai,Kota Tanjungbalai,Polygon,6,31,22,31,1,30,0,18,4,24,26,9,23,8,3,70.96774193548387,100.0,100.0,41.93548387096774,12.903225806451612,22.580645161290324,83.87096774193549,29.03225806451613,100.0,9.67741935483871,YES,OK,OK,core_exact,1.0,2024,BPS - Pendataan Potensi Desa (Podes) 2024,0.934567032998384,0.6285030872735631,-0.5315625218118151,0.36595702570647515,2,Menengah / transisi,1.2427010217533834,NO
Sumatera Utara,12,Kota Pematangsiantar,1272,12.72,sumaterautara|kotapematangsiantar,Kota Pematangsiantar,Polygon,8,53,40,53,53,0,0,25,3,40,51,13,17,36,1,75.47169811320755,100.0,100.0,52.83018867924528,5.660377358490567,24.52830188679245,96.22641509433963,24.528301886792452,100.0,1.8867924528301887,YES,OK,OK,core_exact,1.0,2024,BPS - Pendataan Potensi Desa (Podes) 2024,1.069930501656639,0.8392531291548517,-0.596354293780258,0.5217716488477472,2,Menengah / transisi,4.5727989643523665,NO
Sumatera Utara,12,Kota Tebing Tinggi,1276,12.76,sumaterautara|kotatebingtinggi,Kota Tebing Tinggi,Polygon,5,35,33,35,30,5,0,12,4,25,35,29,33,2,4,94.28571428571428,100.0,100.0,65.71428571428571,11.428571428571429,28.57142857142857,100.0,82.85714285714286,100.0,11.428571428571429,YES,OK,OK,core_exact,1.0,2024,BPS - Pendataan Potensi Desa (Podes) 2024,2.8275215559808253,0.7447312590255208,1.4838283389234466,0.019989491516632794,3,Relatif tinggi lintas indikator,10.862572715999669,NO
Sumatera Utara,12,Kota Medan,1271,12.71,sumaterautara|kotamedan,Kota Medan,Polygon,21,151,141,151,147,3,1,31,37,48,107,39,111,40,6,93.37748344370861,100.0,99.33774834437085,79.47019867549669,24.503311258278146,68.21192052980132,70.86092715231787,25.82781456953642,100.0,3.9735099337748347,YES,OK,OK,core_exact,1.0,2024,BPS - Pendataan Potensi Desa (Podes) 2024,2.9261807251369927,-1.4057849264648747,-1.2365946603486875,0.6889126998079516,3,Relatif tinggi lintas indikator,9.28044122114431,NO
Sumatera Utara,12,Kota Binjai,1275,12.75,sumaterautara|kotabinjai,Kota Binjai,Polygon,5,37,34,37,29,7,1,8,4,23,26,4,30,7,0,91.8918918918919,100.0,97.2972972972973,78.37837837837837,10.81081081081081,37.83783783783784,70.27027027027027,10.81081081081081,100.0,0.0,YES,OK,OK,core_exact,1.0,2024,BPS - Pendataan Potensi Desa (Podes) 2024,1.6321068561583716,-0.5682515582283153,-1.2281701405807584,1.285652163796068,3,Relatif tinggi lintas indikator,11.73468139463814,NO
Sumatera Utara,12,Kota Padangsidimpuan,1277,12.77,sumaterautara|kotapadangsidimpuan,Kota Padangsidimpuan,Polygon,6,79,50,79,71,6,2,62,4,68,71,9,45,34,0,63.29113924050633,100.0,97.46835443037975,21.518987341772156,5.063291139240507,13.924050632911388,89.87341772151899,11.39240506329114,100.0,0.0,YES,OK,OK,core_exact,1.0,2024,BPS - Pendataan Potensi Desa (Podes) 2024,-0.18836293946023888,1.2570558629498623,-0.884777688822925,0.6104241808536137,2,Menengah / transisi,4.353020289500207,NO
Sumatera Utara,12,Kota Gunungsitoli,1278,12.78,sumaterautara|kotagunungsitoli,Kota Gunungsitoli,Polygon,6,101,40,88,24,38,39,91,3,99,66,3,19,51,0,39.603960396039604,87.12871287128714,61.386138613861384,9.9009900990099,2.9702970297029703,1.980198019801982,65.34653465346535,2.9702970297029703,69.3069306930693,0.0,YES,OK,OK,core_exact,1.0,2024,BPS - Pendataan Potensi Desa (Podes) 2024,-2.2036930586165844,0.30064632160840715,-0.29732526252906943,0.2950156020895857,1,Relatif rendah lintas indikator,3.435743119985502,NO
Sumatera Barat,13,Kepulauan Mentawai,1309,13.09,sumaterabarat|kepulauanmentawai,Kabupaten Kepulauan Mentawai,MultiPolygon,10,43,38,35,6,11,26,37,4,38,17,11,3,5,2,88.37209302325581,81.3953488372093,39.53488372093023,13.953488372093027,9.30232558139535,11.627906976744185,39.53488372093023,25.581395348837212,18.6046511627907,4.651162790697675,YES,OK,OK,core_exact,1.0,2024,BPS - Pendataan Potensi Desa (Podes) 2024,-1.279054137699321,-1.339951774784727,1.2789020156283177,1.4663853638868656,1,Relatif rendah lintas indikator,11.16268532386326,NO
Sumatera Barat,13,Pesisir Selatan,1301,13.01,sumaterabarat|pesisirselatan,Kabupaten Pesisir Selatan,MultiPolygon,15,182,123,168,83,99,0,116,26,158,178,54,49,106,4,67.58241758241759,92.3076923076923,100.0,36.26373626373627,14.285714285714285,13.186813186813184,97.8021978021978,29.67032967032967,85.16483516483517,2.197802197802198,YES,OK,OK,core_exact,1.0,2024,BPS - Pendataan Potensi Desa (Podes) 2024,0.669861100557516,0.9099243175151576,-0.36295628307819633,-0.15551852215957046,2,Menengah / transisi,2.3967028607512915,NO
Sumatera Barat,13,Solok,1302,13.02,sumaterabarat|solok,Kabupaten Solok,Polygon,14,74,58,61,47,16,11,34,9,64,69,31,11,43,8,78.37837837837837,82.43243243243244,85.13513513513513,54.054054054054056,12.162162162162163,13.513513513513509,93.24324324324324,41.891891891891895,72.97297297297297,10.81081081081081,YES,OK,OK,core_exact_type,1.0,2024,BPS - Pendataan Potensi Desa (Podes) 2024,0.8411634640694235,0.13520969808651392,0.5207509712396754,-0.1880119184938588,2,Menengah / transisi,3.9604173751977005,NO
Sumatera Barat,13,Sijunjung,1303,13.03,sumaterabarat|sijunjung,Kabupaten Sijunjung,Polygon,8,62,53,54,40,14,8,12,12,49,57,15,15,32,1,85.48387096774194,87.09677419354838,87.09677419354838,80.64516129032258,19.35483870967742,20.967741935483875,91.93548387096774,24.193548387096776,75.80645161290323,1.6129032258064515,YES,OK,OK,core_exact,1.0,2024,BPS - Pendataan Potensi Desa (Podes) 2024,1.5959154945217882,-0.5544842476011312,-0.3399609980167505,0.08558752259496447,3,Relatif tinggi lintas indikator,9.036998698612551,NO
Sumatera Barat,13,Tanah Datar,1304,13.04,sumaterabarat|tanahdatar,Kabupaten Tanah Datar,Polygon,14,75,63,74,62,13,0,37,28,50,70,44,21,45,11,84.0,98.66666666666667,100.0,50.66666666666666,37.333333333333336,33.333333333333336,93.33333333333333,58.666666666666664,88.0,14.666666666666666,YES,OK,OK,core_exact,1.0,2024,BPS - Pendataan Potensi Desa (Podes) 2024,2.8172072892721562,-0.16366746158424125,0.2757400952717198,-0.526623219049349,3,Relatif tinggi lintas indikator,8.213442466696623,NO
Sumatera Barat,13,Padang Pariaman,1305,13.05,sumaterabarat|padangpariaman,Kabupaten Padang Pariaman,MultiPolygon,17,103,74,93,54,43,6,59,22,84,98,37,17,74,1,71.84466019417476,90.29126213592234,94.1747572815534,42.71844660194175,21.35922330097087,18.446601941747577,95.14563106796116,35.92233009708738,88.3495145631068,0.9708737864077669,YES,OK,OK,core_exact,1.0,2024,BPS - Pendataan Potensi Desa (Podes) 2024,1.1214780948022118,0.32372845157424657,-0.10413955196153453,-0.3360747111989958,2,Menengah / transisi,2.5838824955435173,NO
Sumatera Barat,13,Agam,1306,13.06,sumaterabarat|agam,Kabupaten Agam,MultiPolygon,16,105,94,100,95,9,1,40,14,80,105,45,19,73,7,89.52380952380953,95.23809523809523,99.04761904761905,61.904761904761905,13.333333333333334,23.809523809523814,100.0,42.857142857142854,87.61904761904762,6.666666666666667,YES,OK,OK,core_exact,1.0,2024,BPS - Pendataan Potensi Desa (Podes) 2024,1.9140844007660396,0.4671411817634758,0.12944415133001816,0.2536147194797326,3,Relatif tinggi lintas indikator,4.058800290718269,NO
Sumatera Barat,13,Lima Puluh Kota,1307,13.07,sumaterabarat|limapuluhkota,Kabupaten Lima Puluh Kota,Polygon,13,79,68,69,50,22,7,25,19,58,79,31,17,48,11,86.07594936708861,87.34177215189874,91.13924050632912,68.35443037974683,24.050632911392405,26.582278481012654,100.0,39.24050632911392,82.27848101265823,13.924050632911392,YES,OK,OK,core_exact,1.0,2024,BPS - Pendataan Potensi Desa (Podes) 2024,2.0348280191977683,-0.33074736522888537,0.040612035553908556,-0.3062760296983851,3,Relatif tinggi lintas indikator,4.6980901172194445,NO
Sumatera Barat,13,Pasaman,1308,13.08,sumaterabarat|pasaman,Kabupaten Pasaman,Polygon,12,62,45,56,42,12,8,21,9,51,56,12,15,39,2,72.58064516129032,90.32258064516128,87.09677419354838,66.12903225806453,14.516129032258066,17.741935483870964,90.32258064516128,19.35483870967742,87.09677419354838,3.225806451612903,YES,OK,OK,core_exact,1.0,2024,BPS - Pendataan Potensi Desa (Podes) 2024,0.8927293912009086,-0.0728854994131841,-0.5095978051705187,0.09113792798201834,2,Menengah / transisi,4.916655448120098,NO
Sumatera Barat,13,Solok Selatan,1311,13.11,sumaterabarat|solokselatan,Kabupaten Solok Selatan,Polygon,7,47,39,44,23,24,0,22,11,40,46,15,4,33,3,82.97872340425532,93.61702127659575,100.0,53.191489361702125,23.404255319148938,14.893617021276595,97.87234042553192,31.914893617021278,78.72340425531915,6.382978723404255,YES,OK,OK,core_exact,1.0,2024,BPS - Pendataan Potensi Desa (Podes) 2024,1.59618405219668,0.35215541198376193,-0.3022279306805987,-0.021030954422589405,2,Menengah / transisi,5.914989867268425,NO
Sumatera Barat,13,Dharmasraya,1310,13.10,sumaterabarat|dharmasraya,Kabupaten Dharmasraya,Polygon,11,52,48,47,24,3,25,7,14,35,51,27,1,36,2,92.3076923076923,90.38461538461539,51.92307692307693,86.53846153846155,26.923076923076923,32.692307692307686,98.07692307692307,51.92307692307693,71.15384615384616,3.8461538461538463,YES,OK,OK,core_exact,1.0,2024,BPS - Pendataan Potensi Desa (Podes) 2024,2.379485214484895,-1.4576938895736866,1.4233904737754681,-0.17924995667843346,3,Relatif tinggi lintas indikator,10.903447848963438,NO
Sumatera Barat,13,Pasaman Barat,1312,13.12,sumaterabarat|pasamanbarat,Kabupaten Pasaman Barat,MultiPolygon,11,90,82,85,56,9,25,43,9,72,89,16,19,63,1,91.11111111111111,94.44444444444444,72.22222222222221,52.222222222222214,10.0,19.999999999999996,98.88888888888889,17.77777777777778,91.11111111111111,1.1111111111111112,YES,OK,OK,core_exact,1.0,2024,BPS - Pendataan Potensi Desa (Podes) 2024,0.8270922671700415,0.0012564659863869064,0.09930409067726235,0.8666238937145148,2,Menengah / transisi,7.112111005549918,NO
Sumatera Barat,13,Kota Padang,1371,13.71,sumaterabarat|kotapadang,Kota Padang,MultiPolygon,11,104,97,104,82,17,5,40,10,57,102,47,68,36,17,93.26923076923077,100.0,95.1923076923077,61.53846153846154,9.615384615384617,45.192307692307686,98.07692307692307,45.19230769230769,100.0,16.346153846153847,YES,OK,OK,core_exact,1.0,2024,BPS - Pendataan Potensi Desa (Podes) 2024,2.2989282221508796,0.18605652122556857,0.11707827928280869,0.5680807370543862,3,Relatif tinggi lintas indikator,7.7819523953129215,NO
Sumatera Barat,13,Kota Solok,1372,13.72,sumaterabarat|kotasolok,Kota Solok,Polygon,2,13,10,13,8,5,0,4,2,8,13,4,5,8,2,76.92307692307693,100.0,100.0,69.23076923076923,15.384615384615385,38.46153846153846,100.0,30.76923076923077,100.0,15.384615384615385,YES,OK,OK,core_exact_type,1.0,2024,BPS - Pendataan Potensi Desa (Podes) 2024,2.0722282712483726,0.19914303628014368,-0.6650243084561756,0.07949812385901821,3,Relatif tinggi lintas indikator,4.225948652816737,NO
Sumatera Barat,13,Kota Sawahlunto,1373,13.73,sumaterabarat|kotasawahlunto,Kota Sawahlunto,Polygon,4,37,20,34,15,21,1,25,4,28,36,23,14,19,5,54.054054054054056,91.8918918918919,97.2972972972973,32.432432432432435,10.81081081081081,24.32432432432432,97.2972972972973,62.16216216216216,89.1891891891892,13.513513513513514,YES,OK,OK,core_exact,1.0,2024,BPS - Pendataan Potensi Desa (Podes) 2024,0.9358944159723532,1.0744884965294947,0.6238427785114206,-0.8783370251486912,2,Menengah / transisi,5.935213908261917,NO
Sumatera Barat,13,Kota Padang Panjang,1374,13.74,sumaterabarat|kotapadangpanjang,Kota Padang Panjang,Polygon,2,16,9,16,8,8,0,11,2,9,14,11,14,2,0,56.25,100.0,100.0,31.25,12.5,43.75,87.5,68.75,100.0,0.0,YES,OK,OK,core_exact,1.0,2024,BPS - Pendataan Potensi Desa (Podes) 2024,1.5472150425104283,0.7910847255584484,0.5120077946260367,-0.617037736602883,2,Menengah / transisi,12.764068397112911,NO
Sumatera Barat,13,Kota Bukittinggi,1375,13.75,sumaterabarat|kotabukittinggi,Kota Bukittinggi,Polygon,3,24,14,24,24,0,0,13,3,13,23,4,15,9,3,58.333333333333336,100.0,100.0,45.833333333333336,12.5,45.833333333333336,95.83333333333334,16.666666666666664,100.0,12.5,YES,OK,OK,core_exact,1.0,2024,BPS - Pendataan Potensi Desa (Podes) 2024,1.1344613706721687,0.39060831372341187,-1.329692387545048,-0.048520676973015445,2,Menengah / transisi,7.779872134518033,NO
Sumatera Barat,13,Kota Payakumbuh,1376,13.76,sumaterabarat|kotapayakumbuh,Kota Payakumbuh,Polygon,5,47,35,47,26,21,0,27,5,34,47,18,19,28,5,74.46808510638297,100.0,100.0,42.553191489361694,10.638297872340425,27.6595744680851,100.0,38.297872340425535,100.0,10.638297872340425,YES,OK,OK,core_exact,1.0,2024,BPS - Pendataan Potensi Desa (Podes) 2024,1.3539881197242274,0.9152029685326457,-0.16122514109729402,0.16132104655487392,2,Menengah / transisi,2.3548618457327866,NO
Sumatera Barat,13,Kota Pariaman,1377,13.77,sumaterabarat|kotapariaman,Kota Pariaman,MultiPolygon,4,71,33,70,32,39,0,54,5,62,70,27,31,40,10,46.478873239436616,98.59154929577466,100.0,23.943661971830988,7.042253521126761,12.676056338028175,98.59154929577466,38.028169014084504,100.0,14.084507042253522,YES,OK,OK,core_exact,1.0,2024,BPS - Pendataan Potensi Desa (Podes) 2024,0.13810552702447854,1.6425903298774513,-0.1655827502748918,-0.45288667308253444,2,Menengah / transisi,3.2936495754727084,NO
Riau,14,Kuantan Singingi,1409,14.09,riau|kuantansingingi,Kabupaten Kuantan Singingi,Polygon,15,229,109,213,52,121,56,154,3,211,205,31,40,163,2,47.59825327510917,93.01310043668121,75.54585152838428,32.751091703056765,1.3100436681222707,7.860262008733621,89.51965065502183,13.537117903930133,88.64628820960698,0.8733624454148471,YES,OK,OK,core_exact,1.0,2024,BPS - Pendataan Potensi Desa (Podes) 2024,-0.8837745998507959,0.8437786109010974,-0.29283356032905233,0.09472172816791082,2,Menengah / transisi,3.295231490112103,NO
Riau,14,Indragiri Hulu,1402,14.02,riau|indragirihulu,Kabupaten Indragiri Hulu,Polygon,14,194,126,161,72,20,102,108,19,181,165,41,59,88,3,64.94845360824742,82.9896907216495,47.42268041237113,44.329896907216494,9.793814432989691,6.70103092783505,85.05154639175258,21.1340206185567,75.77319587628865,1.5463917525773196,YES,OK,OK,core_exact,1.0,2024,BPS - Pendataan Potensi Desa (Podes) 2024,-0.6475126963191212,-0.4880114750671292,0.7903730988293037,0.1069990037874465,2,Menengah / transisi,5.202752686698903,NO
Riau,14,Indragiri Hilir,1404,14.04,riau|indragirihilir,Kabupaten Indragiri Hilir,MultiPolygon,20,236,145,197,127,45,64,85,16,219,168,65,45,99,30,61.440677966101696,83.47457627118644,72.88135593220339,63.98305084745763,6.779661016949152,7.203389830508478,71.1864406779661,27.54237288135593,61.016949152542374,12.711864406779661,YES,OK,OK,core_exact,1.0,2024,BPS - Pendataan Potensi Desa (Podes) 2024,-0.17432205062967068,-0.2949903726255697,0.20107039618789105,0.029190367435565037,2,Menengah / transisi,7.24924650953317,NO
Riau,14,Pelalawan,1405,14.05,riau|pelalawan,Kabupaten Pelalawan,MultiPolygon,12,118,99,103,39,10,69,27,9,105,93,23,16,75,2,83.89830508474576,87.28813559322035,41.52542372881356,77.11864406779661,7.627118644067797,11.016949152542377,78.8135593220339,19.491525423728813,77.11864406779661,1.694915254237288,YES,OK,OK,core_exact,1.0,2024,BPS - Pendataan Potensi Desa (Podes) 2024,0.1479421475707183,-1.151858588369223,0.900867677901927,0.8232046385924962,2,Menengah / transisi,16.28093845235998,NO
Riau,14,Siak,1408,14.08,riau|siak,Kabupaten Siak,Polygon,14,136,109,123,31,42,63,39,30,113,128,51,30,93,1,80.14705882352942,90.44117647058823,53.67647058823529,71.32352941176471,22.058823529411764,16.911764705882348,94.11764705882352,37.5,90.44117647058823,0.7352941176470588,YES,OK,OK,core_exact,1.0,2024,BPS - Pendataan Potensi Desa (Podes) 2024,1.230205748328551,-0.8868129615052331,1.0290234204961546,-0.06415794894620207,2,Menengah / transisi,8.423766936249207,NO
Riau,14,Kampar,1401,14.01,riau|kampar,Kabupaten Kampar,MultiPolygon,21,250,189,223,68,38,144,101,24,224,203,33,50,159,4,75.6,89.2,42.4,59.599999999999994,9.6,10.399999999999999,81.2,13.200000000000001,83.6,1.6,YES,OK,OK,core_exact,1.0,2024,BPS - Pendataan Potensi Desa (Podes) 2024,-0.259737964922661,-0.8681934226230972,0.6331005266440565,0.7078556078533119,2,Menengah / transisi,10.019769454767276,NO
Riau,14,Rokan Hulu,1406,14.06,riau|rokanhulu,Kabupaten Rokan Hulu,Polygon,16,145,117,132,53,37,55,44,8,126,123,18,40,88,1,80.6896551724138,91.0344827586207,62.06896551724138,69.65517241379311,5.517241379310345,13.103448275862073,84.82758620689656,12.413793103448276,88.27586206896552,0.6896551724137931,YES,OK,OK,core_exact,1.0,2024,BPS - Pendataan Potensi Desa (Podes) 2024,0.2369738320831704,-0.4472737970424113,0.10613068660607752,0.8460763553414137,2,Menengah / transisi,11.15555685843668,NO
Riau,14,Bengkalis,1403,14.03,riau|bengkalis,Kabupaten Bengkalis,MultiPolygon,11,155,119,145,64,39,52,75,11,129,119,57,47,87,9,76.77419354838709,93.54838709677419,66.45161290322581,51.61290322580645,7.096774193548387,16.774193548387096,76.77419354838709,36.774193548387096,86.45161290322581,5.806451612903226,YES,OK,OK,core_exact,1.0,2024,BPS - Pendataan Potensi Desa (Podes) 2024,0.38432012858709425,-0.16212034103539996,0.7718117139876985,0.6045120761119619,2,Menengah / transisi,3.4297741579654804,NO
Riau,14,Rokan Hilir,1407,14.07,riau|rokanhilir,Kabupaten Rokan Hilir,MultiPolygon,18,187,136,180,66,61,60,78,25,163,167,26,37,121,1,72.72727272727273,96.2566844919786,67.9144385026738,58.288770053475936,13.368983957219251,12.834224598930478,89.3048128342246,13.903743315508022,84.49197860962568,0.53475935828877,YES,OK,OK,core_exact,1.0,2024,BPS - Pendataan Potensi Desa (Podes) 2024,0.4098668123742501,-0.15158206242363548,-0.09891738944721674,0.5042922063703312,2,Menengah / transisi,5.563746478431637,NO
Riau,14,Kepulauan Meranti,1410,14.10,riau|kepulauanmeranti,Kabupaten Kepulauan Meranti,MultiPolygon,9,101,60,95,24,26,51,86,3,96,80,55,22,43,21,59.4059405940594,94.05940594059405,49.504950495049506,14.851485148514854,2.9702970297029703,4.950495049504955,79.20792079207921,54.45544554455446,64.35643564356435,20.792079207920793,YES,OK,OK,core_exact,1.0,2024,BPS - Pendataan Potensi Desa (Podes) 2024,-0.7743310009450255,0.5500243239148124,1.990852653764246,0.20463514252456413,2,Menengah / transisi,8.285666124473769,NO
Riau,14,Kota Pekanbaru,1471,14.71,riau|kotapekanbaru,Kota Pekanbaru,Polygon,15,83,74,80,67,15,1,10,15,31,51,14,38,43,2,89.1566265060241,96.3855421686747,98.79518072289156,87.95180722891567,18.072289156626507,62.65060240963856,61.44578313253012,16.867469879518072,97.59036144578313,2.4096385542168677,YES,OK,OK,core_exact,1.0,2024,BPS - Pendataan Potensi Desa (Podes) 2024,2.3669671596129715,-1.5078481836296245,-1.5046923196279334,0.8643987150760662,3,Relatif tinggi lintas indikator,14.067909809860108,NO
Riau,14,Kota Dumai,1472,14.72,riau|kotadumai,Kota Dumai,Polygon,7,36,35,34,5,18,13,11,5,22,16,11,12,20,1,97.22222222222221,94.44444444444444,63.888888888888886,69.44444444444444,13.88888888888889,38.888888888888886,44.44444444444444,30.555555555555557,88.88888888888889,2.7777777777777777,YES,OK,OK,core_exact,1.0,2024,BPS - Pendataan Potensi Desa (Podes) 2024,1.1598125813409694,-1.7562929098519118,0.31926023461275566,1.4693267860058945,3,Relatif tinggi lintas indikator,9.45630177721098,NO
Jambi,15,Kerinci,1501,15.01,jambi|kerinci,Kabupaten Kerinci,Polygon,18,287,77,266,168,97,22,215,7,273,247,40,86,170,6,26.82926829268293,92.6829268292683,92.33449477351915,25.087108013937286,2.4390243902439024,4.878048780487809,86.06271777003485,13.937282229965156,89.19860627177701,2.0905923344947737,YES,OK,OK,core_exact,1.0,2024,BPS - Pendataan Potensi Desa (Podes) 2024,-1.2007785564343678,1.368299215473387,-0.8896006762011608,-0.5229705624646136,2,Menengah / transisi,5.037522867645586,NO
Jambi,15,Merangin,1502,15.02,jambi|merangin,Kabupaten Merangin,Polygon,24,215,109,186,101,71,43,130,4,202,153,51,43,122,2,50.697674418604656,86.51162790697674,80.0,39.53488372093024,1.8604651162790697,6.04651162790698,71.16279069767441,23.72093023255814,76.74418604651163,0.9302325581395349,YES,OK,OK,core_exact,1.0,2024,BPS - Pendataan Potensi Desa (Podes) 2024,-0.8522044273975884,0.4277626853778131,-0.0877146495462857,0.06250932960744278,2,Menengah / transisi,2.4226642391950968,NO
Jambi,15,Sarolangun,1503,15.03,jambi|sarolangun,Kabupaten Sarolangun,Polygon,11,158,81,140,81,52,25,92,8,146,109,22,22,90,3,51.26582278481012,88.60759493670885,84.17721518987342,41.77215189873418,5.063291139240507,7.594936708860756,68.9873417721519,13.924050632911392,70.88607594936708,1.89873417721519,YES,OK,OK,core_exact,1.0,2024,BPS - Pendataan Potensi Desa (Podes) 2024,-0.7595335910758412,0.3110727671277834,-0.6027728688939323,0.18693833985201028,2,Menengah / transisi,2.6067534643956076,NO
Jambi,15,Batang Hari,1504,15.04,jambi|batanghari,Kabupaten Batanghari,Polygon,8,124,78,113,34,44,46,75,19,114,106,25,20,90,3,62.903225806451616,91.12903225806451,62.903225806451616,39.516129032258064,15.32258064516129,8.064516129032262,85.48387096774194,20.161290322580644,88.70967741935483,2.4193548387096775,YES,OK,OK,fuzzy,0.9523809523809523,2024,BPS - Pendataan Potensi Desa (Podes) 2024,-0.20956144307903637,-0.09081539341569138,0.2581291090237364,0.10026402652713137,2,Menengah / transisi,3.074459418427797,NO
Jambi,15,Muaro Jambi,1505,15.05,jambi|muarojambi,Kabupaten Muaro Jambi,Polygon,11,155,107,146,33,75,47,102,6,141,143,40,23,115,0,69.03225806451613,94.19354838709677,69.6774193548387,34.193548387096776,3.870967741935484,9.03225806451613,92.25806451612904,25.806451612903224,89.03225806451613,0.0,YES,OK,OK,core_exact,1.0,2024,BPS - Pendataan Potensi Desa (Podes) 2024,-0.22509877893493455,0.6197973913101329,0.4631583789318417,0.4848328835562418,2,Menengah / transisi,2.8743306183114705,NO
Jambi,15,Tanjung Jabung Timur,1507,15.07,jambi|tanjungjabungtimur,Kabupaten Tanjung Jabung Timur,MultiPolygon,11,93,65,65,46,38,9,59,10,86,78,21,7,54,1,69.89247311827957,69.89247311827957,90.32258064516128,36.55913978494624,10.75268817204301,7.5268817204301115,83.87096774193549,22.58064516129032,65.59139784946237,1.0752688172043012,YES,OK,OK,core_exact,1.0,2024,BPS - Pendataan Potensi Desa (Podes) 2024,-0.34837334399194664,0.06021804273264303,-0.24079991529925698,-0.3093867389274092,2,Menengah / transisi,6.3466716489540165,NO
Jambi,15,Tanjung Jabung Barat,1506,15.06,jambi|tanjungjabungbarat,Kabupaten Tanjung Jabung Barat,Polygon,13,134,69,117,87,21,26,60,14,122,119,29,19,73,3,51.49253731343284,87.31343283582089,80.59701492537313,55.223880597014926,10.44776119402985,8.955223880597018,88.80597014925374,21.641791044776117,68.65671641791045,2.2388059701492535,YES,OK,OK,core_exact,1.0,2024,BPS - Pendataan Potensi Desa (Podes) 2024,-0.05776241555361979,0.26094030344281444,-0.2777563225708948,-0.40962414075229775,2,Menengah / transisi,4.062959161902114,NO
Jambi,15,Tebo,1509,15.09,jambi|tebo,Kabupaten Tebo,Polygon,12,129,78,106,86,25,18,62,23,114,128,42,19,89,0,60.46511627906976,82.17054263565892,86.04651162790698,51.93798449612403,17.829457364341085,11.627906976744185,99.2248062015504,32.55813953488372,83.72093023255815,0.0,YES,OK,OK,core_exact,1.0,2024,BPS - Pendataan Potensi Desa (Podes) 2024,0.5768966594013144,0.2075857678263678,-0.0028529876536293615,-0.8055731907457769,2,Menengah / transisi,3.72315721745611,NO
Jambi,15,Bungo,1508,15.08,jambi|bungo,Kabupaten Bungo,Polygon,17,153,95,129,77,64,12,85,11,139,146,44,21,100,4,62.091503267973856,84.31372549019608,92.15686274509804,44.44444444444444,7.18954248366013,9.150326797385622,95.42483660130719,28.75816993464052,79.08496732026144,2.6143790849673203,YES,OK,OK,core_exact,1.0,2024,BPS - Pendataan Potensi Desa (Podes) 2024,0.11541793745293157,0.7309929297741407,-0.14624594330641014,-0.3041081759688861,2,Menengah / transisi,2.8535090324782777,NO
Jambi,15,Kota Jambi,1571,15.71,jambi|kotajambi,Kota Jambi,Polygon,11,68,60,68,52,16,0,13,13,30,35,16,48,20,0,88.23529411764706,100.0,100.0,80.88235294117648,19.11764705882353,55.88235294117647,51.470588235294116,23.52941176470588,100.0,0.0,YES,OK,OK,core_exact,1.0,2024,BPS - Pendataan Potensi Desa (Podes) 2024,2.223790868237933,-1.3474900121898685,-1.2583765968664256,1.005438198083572,3,Relatif tinggi lintas indikator,11.358092904604742,NO
Jambi,15,Kota Sungai Penuh,1572,15.72,jambi|kotasungaipenuh,Kota Sungai Penuh,Polygon,8,69,16,69,62,7,0,56,2,62,68,9,31,36,1,23.18840579710145,100.0,100.0,18.840579710144922,2.898550724637681,10.144927536231885,98.55072463768117,13.043478260869565,97.10144927536231,1.4492753623188406,YES,OK,OK,core_exact,1.0,2024,BPS - Pendataan Potensi Desa (Podes) 2024,-0.8835265914578306,1.9078014108052943,-1.1759903632117599,-0.6073924922324415,2,Menengah / transisi,8.431134681958277,NO
Sumatera Selatan,16,Ogan Komering Ulu,1601,16.01,sumateraselatan|ogankomeringulu,Kabupaten Ogan Komering Ulu,MultiPolygon,13,157,85,148,86,50,21,95,14,145,120,8,25,99,0,54.14012738853503,94.26751592356688,86.62420382165605,39.490445859872615,8.9171974522293,7.643312101910826,76.43312101910828,5.095541401273886,78.98089171974523,0.0,YES,OK,OK,core_exact,1.0,2024,BPS - Pendataan Potensi Desa (Podes) 2024,-0.537229290505831,0.46938106701187576,-0.9605065221761284,0.3422924133282676,2,Menengah / transisi,3.394545478347112,NO
Sumatera Selatan,16,Ogan Komering Ilir,1602,16.02,sumateraselatan|ogankomeringilir,Kabupaten Ogan Komering Ilir,MultiPolygon,18,327,200,277,76,141,110,187,17,309,247,98,38,202,4,61.16207951070336,84.70948012232415,66.36085626911316,42.81345565749235,5.198776758409786,5.5045871559633035,75.53516819571865,29.96941896024465,73.39449541284404,1.2232415902140672,YES,OK,OK,core_exact,1.0,2024,BPS - Pendataan Potensi Desa (Podes) 2024,-0.5903822715982546,0.025303301084865927,0.5793523909876215,0.11874645115111024,2,Menengah / transisi,2.2335452055954006,NO
Sumatera Selatan,16,Muara Enim,1603,16.03,sumateraselatan|muaraenim,Kabupaten Muara Enim,MultiPolygon,22,256,127,231,138,68,50,72,13,237,189,49,50,143,3,49.609375,90.234375,80.46875,71.875,5.078125,7.421875,73.828125,19.140625,75.390625,1.171875,YES,OK,OK,core_exact,1.0,2024,BPS - Pendataan Potensi Desa (Podes) 2024,-0.15686264468638425,0.05268053438893715,-0.42500406192563683,-0.053783813256887476,2,Menengah / transisi,13.206257569158748,NO
Sumatera Selatan,16,Lahat,1604,16.04,sumateraselatan|lahat,Kabupaten Lahat,Polygon,24,377,107,341,213,146,18,269,11,367,273,6,55,267,0,28.381962864721483,90.45092838196287,95.22546419098144,28.647214854111404,2.9177718832891246,2.652519893899208,72.41379310344827,1.5915119363395225,85.41114058355438,0.0,YES,OK,OK,core_exact,1.0,2024,BPS - Pendataan Potensi Desa (Podes) 2024,-1.4979965784081213,1.0272800452406683,-1.416333809746109,-0.22144732791953536,2,Menengah / transisi,6.053602566566324,NO
Sumatera Selatan,16,Musi Rawas,1605,16.05,sumateraselatan|musirawas,Kabupaten Musi Rawas,Polygon,14,199,104,164,39,110,50,126,8,188,170,28,41,118,3,52.26130653266332,82.41206030150754,74.87437185929649,36.68341708542714,4.0201005025125625,5.527638190954775,85.42713567839196,14.07035175879397,79.89949748743719,1.507537688442211,YES,OK,OK,core_exact,1.0,2024,BPS - Pendataan Potensi Desa (Podes) 2024,-0.9558449680135763,0.38428663136442576,-0.2196687408307779,-0.11033821877103786,2,Menengah / transisi,2.361501531779604,NO
Sumatera Selatan,16,Musi Banyuasin,1606,16.06,sumateraselatan|musibanyuasin,Kabupaten Musi Banyuasin,Polygon,15,242,177,199,86,104,52,157,34,225,200,99,26,143,6,73.14049586776859,82.23140495867769,78.51239669421489,35.12396694214877,14.049586776859504,7.024793388429751,82.64462809917356,40.909090909090914,69.83471074380165,2.479338842975207,YES,OK,OK,core_exact,1.0,2024,BPS - Pendataan Potensi Desa (Podes) 2024,0.14910238828397462,0.12388516183017878,0.7033768285238386,-0.11427756055540537,2,Menengah / transisi,2.8797269907805783,NO
Sumatera Selatan,16,Banyu Asin,1607,16.07,sumateraselatan|banyuasin,Kabupaten Banyuasin,MultiPolygon,21,317,183,262,136,106,75,158,21,294,229,57,36,181,1,57.72870662460568,82.64984227129337,76.34069400630915,50.1577287066246,6.624605678233439,7.2555205047318605,72.2397476340694,17.981072555205046,68.45425867507886,0.31545741324921134,YES,OK,OK,fuzzy,0.9473684210526315,2024,BPS - Pendataan Potensi Desa (Podes) 2024,-0.5864333620150178,-0.09412125435679526,-0.20736830793561542,0.0557342832221288,2,Menengah / transisi,3.2269944813397595,NO
Sumatera Selatan,16,Ogan Komering Ulu Selatan,1609,16.09,sumateraselatan|ogankomeringuluselatan,Kabupaten Ogan Komering Ulu Selatan,Polygon,19,259,74,185,175,46,38,182,13,251,167,29,24,131,1,28.57142857142857,71.42857142857143,85.32818532818533,29.729729729729726,5.019305019305019,3.0888030888030937,64.47876447876449,11.196911196911197,59.84555984555985,0.3861003861003861,YES,OK,OK,core_exact,1.0,2024,BPS - Pendataan Potensi Desa (Podes) 2024,-1.8518768457978416,0.19352854593976454,-0.8392577625129947,-0.8045801070652007,2,Menengah / transisi,3.9834361092968056,NO
Sumatera Selatan,16,Ogan Komering Ulu Timur,1608,16.08,sumateraselatan|ogankomeringulutimur,Kabupaten Ogan Komering Ulu Timur,Polygon,20,332,151,301,88,109,135,237,17,313,248,76,102,173,0,45.48192771084337,90.66265060240963,59.337349397590366,28.614457831325304,5.120481927710843,5.722891566265065,74.69879518072288,22.89156626506024,82.83132530120481,0.0,YES,OK,OK,core_exact,1.0,2024,BPS - Pendataan Potensi Desa (Podes) 2024,-1.1853696769480315,0.24298459672686543,0.40588908809519986,0.039459248041090716,2,Menengah / transisi,2.4951635267946086,NO
Sumatera Selatan,16,Ogan Ilir,1610,16.10,sumateraselatan|oganilir,Kabupaten Ogan Ilir,Polygon,16,241,100,235,32,123,86,127,10,232,184,97,53,150,12,41.49377593360996,97.5103734439834,64.31535269709543,47.30290456431535,4.149377593360995,3.734439834024894,76.34854771784232,40.24896265560166,84.23236514522821,4.979253112033195,YES,OK,OK,core_exact,1.0,2024,BPS - Pendataan Potensi Desa (Podes) 2024,-0.5044812728807914,0.5207154111718795,0.8017577557758435,-0.19196622408565697,2,Menengah / transisi,8.997076712048978,NO
Sumatera Selatan,16,Empat Lawang,1611,16.11,sumateraselatan|empatlawang,Kabupaten Empat Lawang,Polygon,10,156,46,139,78,57,21,119,3,149,126,19,29,92,1,29.48717948717949,89.1025641025641,86.53846153846155,23.717948717948723,1.9230769230769231,4.487179487179482,80.76923076923077,12.179487179487179,77.56410256410257,0.641025641025641,YES,OK,OK,core_exact,1.0,2024,BPS - Pendataan Potensi Desa (Podes) 2024,-1.438418375317972,1.078853752241966,-0.7678441611883903,-0.4100933138882465,2,Menengah / transisi,3.751437718185742,NO
Sumatera Selatan,16,Penukal Abab Lematang Ilir,1612,16.12,sumateraselatan|penukalabablematangilir,Kabupaten Penukal Abab Lematang Ilir,Polygon,5,71,37,63,12,55,4,13,8,62,51,9,19,33,0,52.112676056338024,88.73239436619718,94.36619718309859,81.69014084507043,11.267605633802818,12.676056338028175,71.83098591549296,12.676056338028168,73.23943661971832,0.0,YES,OK,OK,core_exact,1.0,2024,BPS - Pendataan Potensi Desa (Podes) 2024,0.36647198758498084,-0.19076005457451728,-1.158552347829794,-0.18149294786368605,2,Menengah / transisi,16.49314887230078,NO
Sumatera Selatan,16,Musi Rawas Utara,1613,16.13,sumateraselatan|musirawasutara,Kabupaten Musi Rawas Utara,Polygon,7,89,48,68,19,63,7,60,11,83,56,14,12,56,0,53.93258426966292,76.40449438202246,92.13483146067416,32.58426966292135,12.359550561797752,6.741573033707871,62.92134831460674,15.730337078651685,76.40449438202246,0.0,YES,OK,OK,core_exact,1.0,2024,BPS - Pendataan Potensi Desa (Podes) 2024,-0.8384414753028808,-0.03478503490481599,-0.7556897891230887,-0.21742452902625745,2,Menengah / transisi,3.076879559572973,NO
Sumatera Selatan,16,Kota Palembang,1671,16.71,sumateraselatan|kotapalembang,Kota Palembang,Polygon,18,107,100,107,90,14,3,19,35,41,66,28,63,44,3,93.45794392523365,100.0,97.19626168224299,82.2429906542056,32.71028037383177,61.68224299065421,61.6822429906542,26.168224299065418,100.0,2.803738317757009,YES,OK,OK,core_exact,1.0,2024,BPS - Pendataan Potensi Desa (Podes) 2024,2.9895248051698737,-1.7668481728715926,-1.2058501163802722,0.6117436180940672,3,Relatif tinggi lintas indikator,7.906124192758228,NO
Sumatera Selatan,16,Kota Prabumulih,1674,16.74,sumateraselatan|kotaprabumulih,Kota Prabumulih,Polygon,6,46,35,46,29,16,1,17,2,37,39,17,17,28,2,76.08695652173914,100.0,97.82608695652173,63.04347826086957,4.3478260869565215,19.565217391304344,84.78260869565217,36.95652173913043,97.82608695652173,4.3478260869565215,YES,OK,OK,core_exact,1.0,2024,BPS - Pendataan Potensi Desa (Podes) 2024,1.1617288618452548,0.6745504435844236,-0.10206871385567101,0.5497374102639802,2,Menengah / transisi,6.603375546747366,NO
Sumatera Selatan,16,Kota Pagar Alam,1672,16.72,sumateraselatan|kotapagaralam,Kota Pagar Alam,Polygon,5,35,22,33,17,18,0,17,2,26,32,9,24,11,1,62.857142857142854,94.28571428571428,100.0,51.42857142857142,5.714285714285714,25.71428571428571,91.42857142857143,25.71428571428571,100.0,2.857142857142857,YES,OK,OK,core_exact,1.0,2024,BPS - Pendataan Potensi Desa (Podes) 2024,0.7072135779118348,0.699494361870648,-0.6933894245717026,0.051552908957809535,2,Menengah / transisi,4.189542415614483,NO
Sumatera Selatan,16,Kota Lubuk Linggau,1673,16.73,sumateraselatan|kotalubuklinggau,Kota Lubuk Linggau,Polygon,8,72,45,68,39,26,7,54,4,58,60,20,47,22,0,62.5,94.44444444444444,90.27777777777779,25.0,5.555555555555555,19.444444444444443,83.33333333333334,27.77777777777778,95.83333333333334,0.0,YES,OK,OK,core_exact,1.0,2024,BPS - Pendataan Potensi Desa (Podes) 2024,-0.0472177869202781,0.8097970164223584,-0.2240749012306168,0.2941004434633896,2,Menengah / transisi,2.0578478946739027,NO
Bengkulu,17,Bengkulu Selatan,1701,17.01,bengkulu|bengkuluselatan,Kabupaten Bengkulu Selatan,Polygon,11,158,44,140,48,90,20,120,11,148,151,28,17,113,0,27.848101265822784,88.60759493670885,87.34177215189874,24.0506329113924,6.962025316455696,6.329113924050633,95.56962025316456,17.72151898734177,82.27848101265823,0.0,YES,OK,OK,core_exact,1.0,2024,BPS - Pendataan Potensi Desa (Podes) 2024,-1.0111638342085898,1.2036772650308967,-0.6302458789867096,-0.8945694267237589,2,Menengah / transisi,4.364113178864552,NO
Bengkulu,17,Rejang Lebong,1702,17.02,bengkulu|rejanglebong,Kabupaten Rejang Lebong,Polygon,15,156,66,139,36,99,21,93,10,143,147,27,42,94,0,42.30769230769231,89.1025641025641,86.53846153846155,40.38461538461539,6.41025641025641,8.333333333333337,94.23076923076923,17.307692307692307,87.17948717948718,0.0,YES,OK,OK,core_exact,1.0,2024,BPS - Pendataan Potensi Desa (Podes) 2024,-0.49576906248930697,0.8625536372661325,-0.5648033649490793,-0.49613365312131735,2,Menengah / transisi,3.211346226062888,NO
Bengkulu,17,Bengkulu Utara,1703,17.03,bengkulu|bengkuluutara,Kabupaten Bengkulu Utara,MultiPolygon,19,220,92,190,23,141,56,174,9,205,206,27,22,146,0,41.81818181818181,86.36363636363636,74.54545454545455,20.90909090909091,4.090909090909091,6.818181818181824,93.63636363636364,12.272727272727273,76.36363636363637,0.0,YES,OK,OK,core_exact,1.0,2024,BPS - Pendataan Potensi Desa (Podes) 2024,-1.2325548729273728,0.8403254002649824,-0.3133346141505038,-0.3247233273616368,2,Menengah / transisi,3.315948821337922,NO
Bengkulu,17,Kaur,1704,17.04,bengkulu|kaur,Kabupaten Kaur,Polygon,15,195,41,172,95,68,32,148,9,189,180,9,41,117,0,21.025641025641026,88.2051282051282,83.58974358974359,24.102564102564106,4.615384615384616,3.076923076923077,92.3076923076923,4.615384615384616,81.02564102564102,0.0,YES,OK,OK,core_exact,1.0,2024,BPS - Pendataan Potensi Desa (Podes) 2024,-1.559193771048946,1.1529695114648806,-1.0017805478326613,-0.7969669820103766,2,Menengah / transisi,6.377058998594276,NO
Bengkulu,17,Seluma,1705,17.05,bengkulu|seluma,Kabupaten Seluma,Polygon,14,202,73,169,2,93,107,156,18,194,196,13,41,103,0,36.13861386138614,83.66336633663366,47.02970297029702,22.77227722772277,8.91089108910891,3.960396039603964,97.02970297029702,6.435643564356436,71.28712871287128,0.0,YES,OK,OK,core_exact,1.0,2024,BPS - Pendataan Potensi Desa (Podes) 2024,-1.661272032152883,0.16671476348148273,0.16755952236613456,-0.5505275132566791,2,Menengah / transisi,8.300386192207178,NO
Bengkulu,17,Mukomuko,1706,17.06,bengkulu|mukomuko,Kabupaten Mukomuko,Polygon,15,152,62,144,39,61,52,106,8,138,150,11,37,95,0,40.78947368421053,94.73684210526315,65.78947368421053,30.263157894736846,5.263157894736842,9.210526315789469,98.68421052631578,7.236842105263158,86.8421052631579,0.0,YES,OK,OK,core_exact,1.0,2024,BPS - Pendataan Potensi Desa (Podes) 2024,-0.9786711022478287,0.7456123231152973,-0.3308055591825696,-0.15118854753312813,2,Menengah / transisi,5.882160527962794,NO
Bengkulu,17,Lebong,1707,17.07,bengkulu|lebong,Kabupaten Lebong,Polygon,12,104,27,98,20,64,20,76,3,96,89,6,40,56,0,25.961538461538463,94.23076923076923,80.76923076923077,26.923076923076927,2.8846153846153846,7.692307692307687,85.57692307692307,5.769230769230769,92.3076923076923,0.0,YES,OK,OK,core_exact,1.0,2024,BPS - Pendataan Potensi Desa (Podes) 2024,-1.3737887356530778,1.032747800860884,-0.9197223982729543,-0.3644212324405094,2,Menengah / transisi,6.16550404926352,NO
Bengkulu,17,Kepahiang,1708,17.08,bengkulu|kepahiang,Kabupaten Kepahiang,Polygon,8,117,33,106,8,107,2,86,6,109,115,21,20,73,0,28.205128205128204,90.5982905982906,98.29059829059828,26.49572649572649,5.128205128205128,6.8376068376068355,98.29059829059828,17.94871794871795,79.48717948717949,0.0,YES,OK,OK,core_exact,1.0,2024,BPS - Pendataan Potensi Desa (Podes) 2024,-0.7955579617618447,1.537541152990144,-0.9046161497652175,-0.8754958284706599,2,Menengah / transisi,5.320959650421642,NO
Bengkulu,17,Bengkulu Tengah,1709,17.09,bengkulu|bengkulutengah,Kabupaten Bengkulu Tengah,Polygon,11,143,41,130,3,31,109,92,9,138,137,15,5,110,1,28.671328671328673,90.9090909090909,23.776223776223777,35.66433566433567,6.293706293706294,3.4965034965035002,95.8041958041958,10.48951048951049,80.41958041958041,0.6993006993006993,YES,OK,OK,core_exact,1.0,2024,BPS - Pendataan Potensi Desa (Podes) 2024,-1.7642810875217108,-0.1375168871235497,0.8322249815449034,-0.47304421981132294,2,Menengah / transisi,17.360505339294235,NO
Bengkulu,17,Kota Bengkulu,1771,17.71,bengkulu|kotabengkulu,Kota Bengkulu,MultiPolygon,9,67,51,60,59,3,5,21,5,37,66,22,26,41,0,76.11940298507463,89.55223880597015,92.53731343283582,68.65671641791045,7.462686567164178,44.776119402985074,98.50746268656717,32.83582089552239,100.0,0.0,YES,OK,OK,core_exact,1.0,2024,BPS - Pendataan Potensi Desa (Podes) 2024,1.620753396281644,-0.09095538826731639,-0.3883941171167346,-0.025157933208350136,3,Relatif tinggi lintas indikator,10.277516240291641,NO
Lampung,18,Lampung Barat,1804,18.04,lampung|lampungbarat,Kabupaten Lampung Barat,Polygon,15,136,73,109,35,63,38,91,11,129,106,51,26,82,2,53.67647058823529,80.14705882352942,72.05882352941177,33.08823529411765,8.088235294117647,5.147058823529416,77.94117647058823,37.5,79.41176470588235,1.4705882352941175,YES,OK,OK,core_exact,1.0,2024,BPS - Pendataan Potensi Desa (Podes) 2024,-0.6667239674769947,0.20394602943801773,0.6431910900516348,-0.4204935730495825,2,Menengah / transisi,1.3389025875360794,NO
Lampung,18,Tanggamus,1806,18.06,lampung|tanggamus,Kabupaten Tanggamus,MultiPolygon,20,302,110,273,129,102,71,250,10,289,256,71,62,170,6,36.423841059602644,90.39735099337747,76.49006622516556,17.218543046357617,3.3112582781456954,4.304635761589404,84.76821192052981,23.509933774834437,76.82119205298014,1.9867549668874174,YES,OK,OK,core_exact,1.0,2024,BPS - Pendataan Potensi Desa (Podes) 2024,-1.2710639078994286,1.0407994269376395,-0.012707234130763169,-0.3513047287734442,2,Menengah / transisi,2.4889518825930232,NO
Lampung,18,Lampung Selatan,1801,18.01,lampung|lampungselatan,Kabupaten Lampung Selatan,MultiPolygon,17,260,184,251,62,151,47,171,26,237,222,75,62,185,3,70.76923076923077,96.53846153846153,81.92307692307692,34.23076923076923,10.0,8.846153846153848,85.38461538461539,28.846153846153843,95.0,1.153846153846154,YES,OK,OK,core_exact,1.0,2024,BPS - Pendataan Potensi Desa (Podes) 2024,0.17135690599553835,0.6320810885402102,0.1742515155067246,0.44839102982491447,2,Menengah / transisi,1.2424642636560266,NO
Lampung,18,Lampung Timur,1807,18.07,lampung|lampungtimur,Kabupaten Lampung Timur,MultiPolygon,24,264,184,255,116,56,92,165,57,244,247,60,28,220,1,69.6969696969697,96.5909090909091,65.15151515151516,37.5,21.59090909090909,7.57575757575758,93.56060606060606,22.727272727272727,93.93939393939394,0.3787878787878788,YES,OK,OK,core_exact,1.0,2024,BPS - Pendataan Potensi Desa (Podes) 2024,0.3310042268766074,0.049241563805204,0.3260301510678482,0.13872212637464834,2,Menengah / transisi,6.447558955715481,NO
Lampung,18,Lampung Tengah,1802,18.02,lampung|lampungtengah,Kabupaten Lampung Tengah,MultiPolygon,28,314,211,305,182,27,105,189,58,285,296,82,48,247,2,67.19745222929936,97.13375796178345,66.56050955414013,39.80891719745223,18.471337579617835,9.235668789808916,94.26751592356688,26.11464968152866,93.94904458598727,0.6369426751592357,YES,OK,OK,core_exact,1.0,2024,BPS - Pendataan Potensi Desa (Podes) 2024,0.3507488525884013,0.1764541349819554,0.38497955356805413,0.0926154013314095,2,Menengah / transisi,4.029712881069155,NO
Lampung,18,Lampung Utara,1803,18.03,lampung|lampungutara,Kabupaten Lampung Utara,Polygon,23,247,120,215,103,42,102,182,24,233,221,29,34,156,1,48.582995951417004,87.04453441295547,58.70445344129555,26.315789473684216,9.7165991902834,5.668016194331981,89.47368421052632,11.740890688259109,76.92307692307693,0.4048582995951417,YES,OK,OK,core_exact,1.0,2024,BPS - Pendataan Potensi Desa (Podes) 2024,-1.1185362428537458,0.20439703534139836,0.08650976440209313,-0.14871732355228562,2,Menengah / transisi,3.8224304825454714,NO
Lampung,18,Way Kanan,1808,18.08,lampung|waykanan,Kabupaten Way Kanan,Polygon,15,227,110,203,117,57,53,155,23,211,204,55,14,156,2,48.458149779735685,89.42731277533039,76.65198237885463,31.718061674008812,10.13215859030837,7.048458149779735,89.86784140969164,24.229074889867842,74.8898678414097,0.881057268722467,YES,OK,OK,core_exact,1.0,2024,BPS - Pendataan Potensi Desa (Podes) 2024,-0.5069846942616705,0.6102896904401813,-0.0035128784084540276,-0.362398909080748,2,Menengah / transisi,1.282509747111089,NO
Lampung,18,Tulang Bawang,1805,18.05,lampung|tulangbawang,Kabupaten Tulang Bawang,MultiPolygon,15,151,76,142,46,87,18,82,41,139,140,27,29,101,1,50.331125827814574,94.03973509933775,88.0794701986755,45.6953642384106,27.1523178807947,7.947019867549665,92.71523178807946,17.880794701986755,86.09271523178808,0.6622516556291391,YES,OK,OK,core_exact,1.0,2024,BPS - Pendataan Potensi Desa (Podes) 2024,0.4881778172300937,0.26763321809455254,-0.7286290067092128,-0.682279565944629,2,Menengah / transisi,9.062243152693272,NO
Lampung,18,Pesawaran,1809,18.09,lampung|pesawaran,Kabupaten Pesawaran,MultiPolygon,11,148,83,140,52,84,12,105,16,137,133,60,18,113,1,56.08108108108109,94.5945945945946,91.8918918918919,29.054054054054056,10.81081081081081,7.432432432432434,89.86486486486487,40.54054054054054,88.51351351351352,0.6756756756756757,YES,OK,OK,core_exact,1.0,2024,BPS - Pendataan Potensi Desa (Podes) 2024,0.16494459558421576,1.1000092260154313,0.21841122404845056,-0.2821587395878193,2,Menengah / transisi,1.4217498304110794,NO
Lampung,18,Pringsewu,1810,18.10,lampung|pringsewu,Kabupaten Pringsewu,Polygon,9,131,69,123,58,65,8,86,8,115,115,33,60,58,4,52.67175572519084,93.89312977099237,93.89312977099237,34.35114503816794,6.106870229007633,12.213740458015266,87.78625954198473,25.190839694656486,90.07633587786259,3.0534351145038165,YES,OK,OK,core_exact,1.0,2024,BPS - Pendataan Potensi Desa (Podes) 2024,-0.12037069831261062,1.003639340846732,-0.44076305717130293,-0.08168012350688823,2,Menengah / transisi,1.4367769780267208,NO
Lampung,18,Mesuji,1811,18.11,lampung|mesuji,Kabupaten Mesuji,Polygon,7,105,54,84,34,21,50,74,14,100,97,20,16,70,1,51.42857142857142,80.0,52.38095238095239,29.52380952380952,13.333333333333334,4.761904761904767,92.38095238095238,19.047619047619047,81.9047619047619,0.9523809523809524,YES,OK,OK,core_exact,1.0,2024,BPS - Pendataan Potensi Desa (Podes) 2024,-0.9936156526017439,-0.1478471974464212,0.525826659802136,-0.4909791635328104,2,Menengah / transisi,5.140898841762046,NO
Lampung,18,Tulang Bawang Barat,1812,18.12,lampung|tulangbawangbarat,Kabupaten Tulang Bawang Barat,Polygon,9,103,60,97,38,37,28,67,18,94,92,12,19,73,2,58.252427184466015,94.1747572815534,72.81553398058253,34.95145631067961,17.475728155339805,8.737864077669899,89.32038834951457,11.650485436893204,89.32038834951457,1.9417475728155338,YES,OK,OK,core_exact,1.0,2024,BPS - Pendataan Potensi Desa (Podes) 2024,-0.18605579726936464,0.20898268516250798,-0.35360287973126137,0.03468929199334907,2,Menengah / transisi,4.228335597077894,NO
Lampung,18,Pesisir Barat,1813,18.13,lampung|pesisirbarat,Kabupaten Pesisir Barat,MultiPolygon,11,121,42,94,85,20,16,88,9,118,81,7,23,71,0,34.710743801652896,77.68595041322314,86.77685950413223,27.27272727272727,7.43801652892562,2.4793388429752095,66.94214876033058,5.785123966942149,77.68595041322314,0.0,YES,OK,OK,core_exact,1.0,2024,BPS - Pendataan Potensi Desa (Podes) 2024,-1.6383828502361066,0.31390628410867727,-1.0160292032190352,-0.47005078553648133,2,Menengah / transisi,3.186084934292566,NO
Lampung,18,Kota Bandar Lampung,1871,18.71,lampung|kotabandarlampung,Kota Bandar Lampung,MultiPolygon,20,126,120,126,97,29,0,12,23,71,90,20,126,0,0,95.23809523809523,100.0,100.0,90.47619047619048,18.253968253968253,43.65079365079365,71.42857142857143,15.873015873015872,100.0,0.0,YES,OK,OK,core_exact,1.0,2024,BPS - Pendataan Potensi Desa (Podes) 2024,2.3616583482506157,-0.9536218869521444,-1.268531227768895,1.0314302254598884,3,Relatif tinggi lintas indikator,12.301822802496583,NO
Lampung,18,Kota Metro,1872,18.72,lampung|kotametro,Kota Metro,Polygon,5,22,21,22,5,17,0,10,7,16,22,2,19,3,0,95.45454545454545,100.0,100.0,54.54545454545454,31.818181818181817,27.27272727272727,100.0,9.090909090909092,100.0,0.0,YES,OK,OK,core_exact,1.0,2024,BPS - Pendataan Potensi Desa (Podes) 2024,2.1067580974704923,-0.17019345038137956,-1.2111602380736393,0.5400251984201782,3,Relatif tinggi lintas indikator,14.308892547140108,NO
Kepulauan Bangka Belitung,19,Bangka,1901,19.01,kepulauanbangkabelitung|bangka,Kabupaten Bangka,MultiPolygon,8,81,76,79,59,1,21,34,9,71,75,43,38,43,0,93.82716049382715,97.53086419753086,74.07407407407408,58.0246913580247,11.11111111111111,12.345679012345679,92.5925925925926,53.086419753086425,100.0,0.0,YES,OK,OK,core_exact,1.0,2024,BPS - Pendataan Potensi Desa (Podes) 2024,1.4437927422151757,0.24253488304961104,1.3405496184330377,0.6109048444825373,2,Menengah / transisi,6.137074023675597,NO
Kepulauan Bangka Belitung,19,Belitung,1902,19.02,kepulauanbangkabelitung|belitung,Kabupaten Belitung,MultiPolygon,5,49,49,49,25,15,9,32,7,40,42,22,21,28,3,100.0,100.0,81.63265306122449,34.693877551020414,14.285714285714285,18.36734693877551,85.71428571428571,44.89795918367347,100.0,6.122448979591836,YES,OK,OK,core_exact,1.0,2024,BPS - Pendataan Potensi Desa (Podes) 2024,1.2997424448754604,0.3134769289621198,0.8627805455021569,1.0294581443240312,2,Menengah / transisi,5.955448205653671,NO
Kepulauan Bangka Belitung,19,Bangka Barat,1905,19.05,kepulauanbangkabelitung|bangkabarat,Kabupaten Bangka Barat,MultiPolygon,6,66,59,64,44,2,20,43,7,56,64,33,25,36,5,89.39393939393939,96.96969696969697,69.6969696969697,34.84848484848485,10.606060606060606,15.151515151515149,96.96969696969697,50.0,92.42424242424242,7.575757575757576,YES,OK,OK,core_exact,1.0,2024,BPS - Pendataan Potensi Desa (Podes) 2024,0.9436093032943824,0.46591443797555043,1.3752957524882148,0.564857678771492,2,Menengah / transisi,5.368436298735276,NO
Kepulauan Bangka Belitung,19,Bangka Tengah,1904,19.04,kepulauanbangkabelitung|bangkatengah,Kabupaten Bangka Tengah,MultiPolygon,6,63,57,63,57,3,3,17,12,53,63,50,48,14,6,90.47619047619048,100.0,95.23809523809523,73.01587301587303,19.047619047619047,15.873015873015872,100.0,79.36507936507937,98.4126984126984,9.523809523809524,YES,OK,OK,core_exact,1.0,2024,BPS - Pendataan Potensi Desa (Podes) 2024,2.7824536155709483,0.5720912281055843,1.509123798904368,-0.22639923961298888,3,Relatif tinggi lintas indikator,10.90796799097088,NO
Kepulauan Bangka Belitung,19,Bangka Selatan,1903,19.03,kepulauanbangkabelitung|bangkaselatan,Kabupaten Bangka Selatan,MultiPolygon,8,53,49,53,40,0,13,22,7,49,48,34,18,32,0,92.45283018867924,100.0,75.47169811320755,58.490566037735846,13.20754716981132,7.547169811320753,90.56603773584906,64.15094339622641,94.33962264150944,0.0,YES,OK,OK,core_exact,1.0,2024,BPS - Pendataan Potensi Desa (Podes) 2024,1.629187216809972,0.393700503947516,1.7006673412439024,0.4729043554628924,2,Menengah / transisi,8.194529652170344,NO
Kepulauan Bangka Belitung,19,Belitung Timur,1906,19.06,kepulauanbangkabelitung|belitungtimur,Kabupaten Belitung Timur,MultiPolygon,7,39,39,38,33,3,3,30,6,33,33,25,16,21,1,100.0,97.43589743589743,92.3076923076923,23.076923076923073,15.384615384615385,15.384615384615385,84.61538461538461,64.1025641025641,94.87179487179486,2.564102564102564,YES,OK,OK,core_exact,1.0,2024,BPS - Pendataan Potensi Desa (Podes) 2024,1.463309618980661,0.7252142197322112,1.3107309149616553,0.6951212650516998,2,Menengah / transisi,10.616730758427064,NO
Kepulauan Bangka Belitung,19,Kota Pangkal Pinang,1971,19.71,kepulauanbangkabelitung|kotapangkalpinang,Kota Pangkal Pinang,Polygon,7,42,37,42,36,6,0,8,7,20,37,22,42,0,5,88.09523809523809,100.0,100.0,80.95238095238095,16.666666666666664,52.38095238095239,88.09523809523809,52.38095238095239,100.0,11.904761904761903,YES,OK,OK,core_exact,1.0,2024,BPS - Pendataan Potensi Desa (Podes) 2024,2.9568226893817715,-0.38307566061044657,-0.06391064227748292,0.1719377134281776,3,Relatif tinggi lintas indikator,8.089485295499712,NO
Kepulauan Riau,21,Karimun,2102,21.02,kepulauanriau|karimun,Kabupaten Karimun,MultiPolygon,14,71,59,67,51,9,11,48,8,61,55,40,19,43,19,83.09859154929578,94.36619718309859,84.50704225352112,32.3943661971831,11.267605633802818,14.084507042253524,77.46478873239437,56.33802816901409,87.32394366197182,26.76056338028169,YES,OK,OK,core_exact,1.0,2024,BPS - Pendataan Potensi Desa (Podes) 2024,0.8172148829239748,0.466796204784723,1.089519025954975,0.4363416407009848,2,Menengah / transisi,3.7107928344235432,NO
Kepulauan Riau,21,Bintan,2101,21.01,kepulauanriau|bintan,Kabupaten Bintan,MultiPolygon,10,51,37,43,17,8,26,38,6,42,33,26,9,30,10,72.54901960784314,84.31372549019608,49.01960784313725,25.49019607843137,11.76470588235294,17.647058823529417,64.70588235294117,50.98039215686274,76.47058823529412,19.607843137254903,YES,OK,OK,core_exact,1.0,2024,BPS - Pendataan Potensi Desa (Podes) 2024,-0.2905094024560506,-0.6847385344567642,1.7046452592563988,0.24903885661821917,2,Menengah / transisi,5.856961200684149,NO
Kepulauan Riau,21,Natuna,2103,21.03,kepulauanriau|natuna,Kabupaten Natuna,MultiPolygon,17,77,65,75,37,13,27,72,2,71,27,53,17,30,2,84.4155844155844,97.40259740259741,64.93506493506493,6.493506493506496,2.5974025974025974,7.792207792207795,35.064935064935064,68.83116883116884,61.038961038961034,2.5974025974025974,YES,OK,OK,core_exact,1.0,2024,BPS - Pendataan Potensi Desa (Podes) 2024,-0.4638507541994393,0.14119044502351877,2.158218869107367,1.420230157266045,2,Menengah / transisi,17.603259654119363,NO
Kepulauan Riau,21,Lingga,2104,21.04,kepulauanriau|lingga,Kabupaten Lingga,MultiPolygon,13,95,64,77,47,42,6,86,6,91,59,40,7,61,3,67.36842105263158,81.05263157894737,93.6842105263158,9.473684210526311,6.315789473684211,4.210526315789476,62.10526315789474,42.10526315789473,71.57894736842105,3.1578947368421053,YES,OK,OK,core_exact,1.0,2024,BPS - Pendataan Potensi Desa (Podes) 2024,-0.7185686756313721,0.6678834803570831,0.4067366932400217,0.21022819250551059,2,Menengah / transisi,5.761600807145936,NO
Kepulauan Riau,21,Kepulauan Anambas,2105,21.05,kepulauanriau|kepulauananambas,Kabupaten Kepulauan Anambas,MultiPolygon,10,54,43,50,24,16,14,48,5,50,13,32,9,29,2,79.62962962962963,92.5925925925926,74.07407407407408,11.111111111111116,9.25925925925926,7.4074074074074066,24.074074074074073,59.25925925925925,70.37037037037037,3.7037037037037033,YES,OK,OK,core_exact,1.0,2024,BPS - Pendataan Potensi Desa (Podes) 2024,-0.5172929557173364,-0.259051206422756,1.4294730323957465,1.1965949164762912,2,Menengah / transisi,14.547389656955666,NO
Kepulauan Riau,21,Kota Batam,2171,21.71,kepulauanriau|kotabatam,Kota Batam,MultiPolygon,12,64,59,60,48,14,2,20,31,33,45,18,38,19,7,92.1875,93.75,96.875,68.75,48.4375,48.4375,70.3125,28.125,89.0625,10.9375,YES,OK,OK,core_exact,1.0,2024,BPS - Pendataan Potensi Desa (Podes) 2024,2.9969337073534845,-1.8187552152514053,-1.0431615840594588,-0.08722647848085346,3,Relatif tinggi lintas indikator,15.376035627022166,NO
Kepulauan Riau,21,Kota Tanjungpinang,2172,21.72,kepulauanriau|kotatanjungpinang,Kota Tanjung Pinang,MultiPolygon,4,18,18,18,1,17,0,2,5,6,14,9,10,8,1,100.0,100.0,100.0,88.88888888888889,27.77777777777778,66.66666666666667,77.77777777777779,50.0,100.0,5.555555555555555,YES,OK,OK,fuzzy,0.9629629629629629,2024,BPS - Pendataan Potensi Desa (Podes) 2024,3.743524071711064,-1.34446536138819,-0.36908028075577287,0.33609559023207836,3,Relatif tinggi lintas indikator,7.897175481988397,NO
DKI Jakarta,31,Kepulauan Seribu,3101,31.01,dkijakarta|kepulauanseribu,Kabupaten Administrasi Kepulauan Seribu,MultiPolygon,2,6,6,6,6,0,0,6,0,5,2,6,2,4,0,100.0,100.0,100.0,0.0,0.0,16.666666666666664,33.33333333333333,100.0,100.0,0.0,YES,OK,OK,core_exact,1.0,2024,BPS - Pendataan Potensi Desa (Podes) 2024,0.7477798375765535,0.9640275210198798,2.3816827073404228,1.4823507963612412,2,Menengah / transisi,38.915748571281114,YES
DKI Jakarta,31,Kota Jakarta Selatan,3174,31.74,dkijakarta|kotajakartaselatan,Kota Administrasi Jakarta Selatan,Polygon,10,65,65,65,64,0,1,8,26,1,29,26,51,14,6,100.0,100.0,98.46153846153847,87.6923076923077,40.0,98.46153846153847,44.61538461538462,40.0,100.0,9.230769230769232,YES,OK,OK,core_exact,1.0,2024,BPS - Pendataan Potensi Desa (Podes) 2024,4.12548795190964,-2.952823699516468,-1.2789159366687457,0.5658984506180299,3,Relatif tinggi lintas indikator,20.03048088875,NO
DKI Jakarta,31,Kota Jakarta Timur,3175,31.75,dkijakarta|kotajakartatimur,Kota Administrasi Jakarta Timur,Polygon,10,65,61,65,65,0,0,5,33,6,26,16,32,33,2,93.84615384615384,100.0,100.0,92.3076923076923,50.76923076923077,90.76923076923077,40.0,24.615384615384617,100.0,3.076923076923077,YES,OK,OK,core_exact,1.0,2024,BPS - Pendataan Potensi Desa (Podes) 2024,4.025716347905545,-3.2907399333052267,-1.9556152225998051,0.3678601000001977,3,Relatif tinggi lintas indikator,21.523758745273014,YES
DKI Jakarta,31,Kota Jakarta Pusat,3171,31.71,dkijakarta|kotajakartapusat,Kota Administrasi Jakarta Pusat,Polygon,8,44,35,44,44,0,0,3,30,4,23,10,25,19,2,79.54545454545455,100.0,100.0,93.18181818181819,68.18181818181817,90.9090909090909,52.27272727272727,22.727272727272727,100.0,4.545454545454546,YES,OK,OK,core_exact,1.0,2024,BPS - Pendataan Potensi Desa (Podes) 2024,4.463256079245263,-3.5173215067714207,-2.2828654372882844,-0.6477943796636945,3,Relatif tinggi lintas indikator,34.33145052308193,YES
DKI Jakarta,31,Kota Jakarta Barat,3173,31.73,dkijakarta|kotajakartabarat,Kota Administrasi Jakarta Barat,Polygon,8,56,46,56,56,0,0,2,42,2,56,20,56,0,2,82.14285714285714,100.0,100.0,96.42857142857143,75.0,96.42857142857143,100.0,35.714285714285715,100.0,3.571428571428571,YES,OK,OK,core_exact,1.0,2024,BPS - Pendataan Potensi Desa (Podes) 2024,5.6253177374646715,-2.9500990476513196,-1.7814719447762395,-1.6247142204843952,3,Relatif tinggi lintas indikator,35.48594273141081,YES
DKI Jakarta,31,Kota Jakarta Utara,3172,31.72,dkijakarta|kotajakartautara,Kota Administrasi Jakarta Utara ,MultiPolygon,6,31,29,31,30,0,1,0,27,2,17,16,22,9,4,93.54838709677419,100.0,96.7741935483871,100.0,87.09677419354838,93.5483870967742,54.83870967741935,51.61290322580645,100.0,12.903225806451612,YES,OK,OK,core_exact,1.0,2024,BPS - Pendataan Potensi Desa (Podes) 2024,5.904181195986729,-4.141255169255273,-1.2768290034017893,-1.1848284342814852,3,Relatif tinggi lintas indikator,54.42147618365856,YES
Jawa Barat,32,Bogor,3201,32.01,jawabarat|bogor,Kabupaten Bogor,Polygon,40,435,399,427,300,97,38,193,63,359,339,147,80,327,18,91.72413793103448,98.16091954022988,91.26436781609195,55.63218390804599,14.482758620689657,17.471264367816097,77.93103448275862,33.793103448275865,93.5632183908046,4.137931034482759,YES,OK,OK,core_exact_type,1.0,2024,BPS - Pendataan Potensi Desa (Podes) 2024,1.329705534633764,0.07534211227225818,0.0500139474839011,0.8726639884130463,2,Menengah / transisi,3.942981041125658,NO
Jawa Barat,32,Sukabumi,3202,32.02,jawabarat|sukabumi,Kabupaten Sukabumi,MultiPolygon,47,386,304,361,241,140,5,241,36,333,353,163,46,285,29,78.75647668393782,93.52331606217616,98.70466321243524,37.56476683937824,9.32642487046632,13.730569948186533,91.45077720207254,42.2279792746114,85.75129533678756,7.512953367875648,YES,OK,OK,core_exact_type,1.0,2024,BPS - Pendataan Potensi Desa (Podes) 2024,0.8669698072966834,0.9254128228470918,0.22810474768409228,0.2500840544967025,2,Menengah / transisi,2.571897254682946,NO
Jawa Barat,32,Cianjur,3203,32.03,jawabarat|cianjur,Kabupaten Cianjur,Polygon,32,360,288,348,228,132,0,205,43,315,317,247,97,232,17,80.0,96.66666666666667,100.0,43.05555555555556,11.944444444444445,12.5,88.05555555555556,68.61111111111111,91.38888888888889,4.722222222222222,YES,OK,OK,core_exact,1.0,2024,BPS - Pendataan Potensi Desa (Podes) 2024,1.50205498099805,1.0045412164664096,1.0794673154456829,-0.017385424368525273,2,Menengah / transisi,5.761858821847313,NO
Jawa Barat,32,Bandung,3204,32.04,jawabarat|bandung,Kabupaten Bandung,Polygon,31,280,260,277,203,77,0,93,34,201,252,188,55,216,40,92.85714285714286,98.92857142857143,100.0,66.78571428571429,12.142857142857142,28.214285714285715,90.0,67.14285714285714,96.78571428571429,14.285714285714285,YES,OK,OK,core_exact_type,1.0,2024,BPS - Pendataan Potensi Desa (Podes) 2024,2.453066022825474,0.42595775483068243,0.8836645496046637,0.27551130276905456,3,Relatif tinggi lintas indikator,7.238939133365994,NO
Jawa Barat,32,Garut,3205,32.05,jawabarat|garut,Kabupaten Garut,MultiPolygon,42,442,361,434,253,189,0,287,44,384,420,306,70,327,45,81.67420814479638,98.19004524886877,100.0,35.06787330316742,9.95475113122172,13.122171945701355,95.02262443438913,69.23076923076923,89.81900452488688,10.180995475113122,YES,OK,OK,core_exact,1.0,2024,BPS - Pendataan Potensi Desa (Podes) 2024,1.4626984681873634,1.2998858245239409,1.177317550547336,0.050164127485935406,2,Menengah / transisi,6.1314918735725685,NO
Jawa Barat,32,Tasikmalaya,3206,32.06,jawabarat|tasikmalaya,Kabupaten Tasikmalaya,MultiPolygon,39,351,274,345,262,73,16,256,44,292,341,192,55,256,28,78.06267806267806,98.29059829059828,95.44159544159544,27.06552706552706,12.535612535612536,16.80911680911681,97.15099715099716,54.700854700854705,88.6039886039886,7.977207977207977,YES,OK,OK,core_exact_type,1.0,2024,BPS - Pendataan Potensi Desa (Podes) 2024,1.1506147013822068,1.132709996738108,0.7256871394162665,0.0880468824242491,2,Menengah / transisi,3.9959519962860766,NO
Jawa Barat,32,Ciamis,3207,32.07,jawabarat|ciamis,Kabupaten Ciamis,Polygon,27,265,210,265,153,112,0,170,33,220,262,195,61,192,11,79.24528301886792,100.0,100.0,35.84905660377359,12.452830188679245,16.981132075471695,98.86792452830188,73.58490566037736,95.47169811320755,4.150943396226415,YES,OK,OK,core_exact,1.0,2024,BPS - Pendataan Potensi Desa (Podes) 2024,1.732976839321137,1.3023977793017456,1.2441972915941624,-0.1543294005366136,2,Menengah / transisi,6.361441779336889,NO
Jawa Barat,32,Kuningan,3208,32.08,jawabarat|kuningan,Kabupaten Kuningan,Polygon,32,376,215,368,140,234,2,293,31,336,360,257,92,263,9,57.180851063829785,97.87234042553192,99.46808510638297,22.074468085106382,8.24468085106383,10.63829787234043,95.74468085106383,68.35106382978722,94.41489361702128,2.393617021276596,YES,OK,OK,core_exact,1.0,2024,BPS - Pendataan Potensi Desa (Podes) 2024,0.7146359840599292,1.7035051275456454,1.019185965393753,-0.5491813761898133,2,Menengah / transisi,7.013282443760042,NO
Jawa Barat,32,Cirebon,3209,32.09,jawabarat|cirebon,Kabupaten Cirebon,Polygon,40,424,326,424,235,144,45,161,46,353,374,179,121,303,34,76.88679245283019,100.0,89.38679245283019,62.02830188679245,10.849056603773585,16.74528301886793,88.20754716981132,42.21698113207547,100.0,8.018867924528301,YES,OK,OK,core_exact_type,1.0,2024,BPS - Pendataan Potensi Desa (Podes) 2024,1.325328038746307,0.4625804142216327,0.30445409751577446,0.327756376269174,2,Menengah / transisi,3.8028854224061988,NO
Jawa Barat,32,Majalengka,3210,32.10,jawabarat|majalengka,Kabupaten Majalengka,Polygon,26,343,222,343,171,172,0,181,27,293,331,246,104,228,19,64.72303206997084,100.0,100.0,47.23032069970845,7.871720116618077,14.577259475218662,96.50145772594753,71.7201166180758,96.7930029154519,5.539358600583091,YES,OK,OK,core_exact,1.0,2024,BPS - Pendataan Potensi Desa (Podes) 2024,1.438503330644434,1.3921897148719022,1.0636075954135884,-0.42789215818536974,2,Menengah / transisi,7.575321502338921,NO
Jawa Barat,32,Sumedang,3211,32.11,jawabarat|sumedang,Kabupaten Sumedang,Polygon,26,277,199,270,164,112,1,203,17,237,274,177,80,181,21,71.84115523465704,97.47292418772562,99.63898916967509,26.714801444043324,6.137184115523466,14.440433212996396,98.91696750902527,63.898916967509024,94.22382671480143,7.581227436823104,YES,OK,OK,core_exact,1.0,2024,BPS - Pendataan Potensi Desa (Podes) 2024,1.0000539864443603,1.5648686276424897,0.96990368721865,-0.10210520264868232,2,Menengah / transisi,5.977783736986487,NO
Jawa Barat,32,Indramayu,3212,32.12,jawabarat|indramayu,Kabupaten Indramayu,MultiPolygon,31,317,258,315,146,167,4,119,36,232,316,48,126,189,8,81.38801261829653,99.36908517350159,98.73817034700315,62.46056782334385,11.35646687697161,26.813880126182966,99.6845425867508,15.141955835962145,99.36908517350159,2.5236593059936907,YES,OK,OK,core_exact,1.0,2024,BPS - Pendataan Potensi Desa (Podes) 2024,1.4144444307247503,0.4369330134898832,-0.9332582338238253,0.5594866267986303,2,Menengah / transisi,5.902942880284347,NO
Jawa Barat,32,Subang,3213,32.13,jawabarat|subang,Kabupaten Subang,Polygon,30,253,232,251,103,150,0,125,20,194,232,93,101,151,13,91.699604743083,99.2094861660079,100.0,50.59288537549407,7.905138339920949,23.320158102766797,91.699604743083,36.75889328063241,99.60474308300395,5.138339920948617,YES,OK,OK,core_exact,1.0,2024,BPS - Pendataan Potensi Desa (Podes) 2024,1.479581266193908,0.6879685506928416,-0.027367521735105375,0.8135551249233931,2,Menengah / transisi,4.459987865270654,NO
Jawa Barat,32,Purwakarta,3214,32.14,jawabarat|purwakarta,Kabupaten Purwakarta,Polygon,17,192,162,189,93,99,0,121,15,161,170,103,31,155,11,84.375,98.4375,100.0,36.979166666666664,7.8125,16.145833333333336,88.54166666666666,53.645833333333336,96.875,5.729166666666666,YES,OK,OK,core_exact,1.0,2024,BPS - Pendataan Potensi Desa (Podes) 2024,1.2108376829561471,1.0618571506998562,0.6146283557846772,0.4747958895680684,2,Menengah / transisi,4.0016327232688065,NO
Jawa Barat,32,Karawang,3215,32.15,jawabarat|karawang,Kabupaten Karawang,Polygon,30,309,281,305,130,158,21,196,28,242,239,67,71,230,9,90.93851132686083,98.70550161812298,93.20388349514563,36.56957928802589,9.06148867313916,21.682847896440126,77.34627831715211,21.68284789644013,97.41100323624595,2.912621359223301,YES,OK,OK,core_exact,1.0,2024,BPS - Pendataan Potensi Desa (Podes) 2024,0.734983102103003,0.35657735000704255,-0.36872576584691713,1.236155647099902,2,Menengah / transisi,4.787465185924464,NO
Jawa Barat,32,Bekasi,3216,32.16,jawabarat|bekasi,Kabupaten Bekasi,Polygon,23,187,176,185,100,84,3,76,42,129,143,46,43,139,3,94.11764705882352,98.93048128342245,98.3957219251337,59.35828877005347,22.459893048128343,31.016042780748666,76.47058823529412,24.598930481283425,97.32620320855615,1.6042780748663104,YES,OK,OK,core_exact_type,1.0,2024,BPS - Pendataan Potensi Desa (Podes) 2024,1.8741656509461757,-0.38802051518794634,-0.6939696196690035,0.8252038254644608,3,Relatif tinggi lintas indikator,4.5827385765898,NO
Jawa Barat,32,Bandung Barat,3217,32.17,jawabarat|bandungbarat,Kabupaten Bandung Barat,Polygon,16,165,155,163,82,83,0,69,18,141,136,111,31,127,13,93.93939393939394,98.7878787878788,100.0,58.18181818181818,10.909090909090908,14.54545454545455,82.42424242424242,67.27272727272727,95.75757575757575,7.878787878787878,YES,OK,OK,core_exact,1.0,2024,BPS - Pendataan Potensi Desa (Podes) 2024,1.95345696513928,0.6693191614558067,1.076918446591343,0.5007922976756988,3,Relatif tinggi lintas indikator,8.379085291630618,NO
Jawa Barat,32,Pangandaran,3218,32.18,jawabarat|pangandaran,Kabupaten Pangandaran,MultiPolygon,10,93,80,93,52,37,4,53,16,74,90,51,15,71,2,86.02150537634408,100.0,95.6989247311828,43.01075268817204,17.20430107526882,20.430107526881724,96.7741935483871,54.83870967741935,92.47311827956989,2.1505376344086025,YES,OK,OK,core_exact,1.0,2024,BPS - Pendataan Potensi Desa (Podes) 2024,1.8025586466521735,0.7277653502725667,0.6543964350422108,0.1734116448471575,2,Menengah / transisi,2.8475672158778638,NO
Jawa Barat,32,Kota Bogor,3271,32.71,jawabarat|kotabogor,Kota Bogor,Polygon,6,68,66,67,66,2,0,18,11,28,42,39,10,58,10,97.05882352941177,98.52941176470588,100.0,73.52941176470588,16.176470588235293,58.82352941176471,61.76470588235294,57.35294117647059,100.0,14.705882352941178,YES,OK,OK,core_exact_type,1.0,2024,BPS - Pendataan Potensi Desa (Podes) 2024,2.831343240272217,-0.9304850129331856,0.06047751040107075,0.720080942716902,3,Relatif tinggi lintas indikator,11.486038683663777,NO
Jawa Barat,32,Kota Sukabumi,3272,32.72,jawabarat|kotasukabumi,Kota Sukabumi,Polygon,7,33,33,33,31,2,0,11,6,20,32,6,17,16,2,100.0,100.0,100.0,66.66666666666667,18.181818181818183,39.39393939393939,96.96969696969697,18.181818181818183,100.0,6.0606060606060606,YES,OK,OK,core_exact_type,1.0,2024,BPS - Pendataan Potensi Desa (Podes) 2024,2.285707634567526,-0.15826260070774195,-0.9208789774452392,0.8783153873211569,3,Relatif tinggi lintas indikator,7.363999574297254,NO
Jawa Barat,32,Kota Bandung,3273,32.73,jawabarat|kotabandung,Kota Bandung,Polygon,30,151,131,151,147,4,0,10,44,32,126,89,91,60,18,86.75496688741721,100.0,100.0,93.37748344370861,29.13907284768212,78.80794701986756,83.44370860927152,58.94039735099338,100.0,11.920529801324504,YES,OK,OK,core_exact_type,1.0,2024,BPS - Pendataan Potensi Desa (Podes) 2024,4.065835287123854,-1.413875153267891,-0.3380811409441266,-0.315346297154337,3,Relatif tinggi lintas indikator,13.279134783862219,NO
Jawa Barat,32,Kota Cirebon,3274,32.74,jawabarat|kotacirebon,Kota Cirebon,Polygon,5,22,22,22,22,0,0,0,10,3,21,9,22,0,1,100.0,100.0,100.0,100.0,45.45454545454545,86.36363636363636,95.45454545454545,40.909090909090914,100.0,4.545454545454546,YES,OK,OK,core_exact_type,1.0,2024,BPS - Pendataan Potensi Desa (Podes) 2024,4.901270321630397,-2.102175287325207,-1.0625387294737012,-0.3407673830033514,3,Relatif tinggi lintas indikator,11.619940215277634,NO
Jawa Barat,32,Kota Bekasi,3275,32.75,jawabarat|kotabekasi,Kota Bekasi,Polygon,12,56,56,56,56,0,0,0,28,8,33,13,32,24,4,100.0,100.0,100.0,100.0,50.0,85.71428571428572,58.92857142857143,23.214285714285715,100.0,7.142857142857142,YES,OK,OK,core_exact_type,1.0,2024,BPS - Pendataan Potensi Desa (Podes) 2024,4.33687057257614,-2.9817218635810883,-1.8393646512964323,0.2925767749897621,3,Relatif tinggi lintas indikator,17.436197088132747,NO
Jawa Barat,32,Kota Depok,3276,32.76,jawabarat|kotadepok,Kota Depok,Polygon,11,63,63,63,57,6,0,4,14,20,31,23,63,0,5,100.0,100.0,100.0,93.65079365079364,22.22222222222222,68.25396825396825,49.2063492063492,36.507936507936506,100.0,7.936507936507936,YES,OK,OK,core_exact,1.0,2024,BPS - Pendataan Potensi Desa (Podes) 2024,3.1382651260961953,-1.8548057695490754,-0.9213676265217091,1.0433657912490442,3,Relatif tinggi lintas indikator,15.719226445966896,NO
Jawa Barat,32,Kota Cimahi,3277,32.77,jawabarat|kotacimahi,Kota Cimahi,Polygon,3,15,15,15,15,0,0,0,5,1,13,10,6,9,3,100.0,100.0,100.0,100.0,33.33333333333333,93.33333333333333,86.66666666666667,66.66666666666666,100.0,20.0,YES,OK,OK,core_exact,1.0,2024,BPS - Pendataan Potensi Desa (Podes) 2024,4.952981988805791,-1.8656732378513103,-0.16563430492947354,-0.2522626792495575,3,Relatif tinggi lintas indikator,17.893632280817325,NO
Jawa Barat,32,Kota Tasikmalaya,3278,32.78,jawabarat|kotatasikmalaya,Kota Tasikmalaya,Polygon,10,69,63,69,63,6,0,33,12,40,57,29,21,46,9,91.30434782608695,100.0,100.0,52.17391304347826,17.391304347826086,42.028985507246375,82.6086956521739,42.028985507246375,97.10144927536231,13.043478260869565,YES,OK,OK,core_exact_type,1.0,2024,BPS - Pendataan Potensi Desa (Podes) 2024,2.1322876110162854,-0.05905900683234316,-0.19671428542677483,0.5923761876703002,3,Relatif tinggi lintas indikator,3.136452735564118,NO
Jawa Barat,32,Kota Banjar,3279,32.79,jawabarat|kotabanjar,Kota Banjar,Polygon,4,25,25,25,25,0,0,14,4,19,25,17,4,21,2,100.0,100.0,100.0,43.99999999999999,16.0,24.0,100.0,68.0,100.0,8.0,YES,OK,OK,core_exact,1.0,2024,BPS - Pendataan Potensi Desa (Podes) 2024,2.381053361775988,0.8181399486164364,1.107885294423245,0.35313899703803475,3,Relatif tinggi lintas indikator,6.844488104001969,NO
Jawa Tengah,33,Cilacap,3301,33.01,jawatengah|cilacap,Kabupaten Cilacap,MultiPolygon,24,284,221,265,141,38,,123,63,224,280,108,72,182,5,77.8169014084507,93.30985915492957,63.02816901408451,56.690140845070424,22.183098591549296,21.126760563380287,98.59154929577466,38.028169014084504,89.43661971830986,1.7605633802816902,YES,OK,OK,core_exact,1.0,2024,BPS - Pendataan Potensi Desa (Podes) 2024,1.2613655399139798,-0.4365097355775363,0.7834872359235023,-0.10928458953723587,2,Menengah / transisi,4.099443756076863,NO
Jawa Tengah,33,Banyumas,3302,33.02,jawatengah|banyumas,Kabupaten Banyumas,Polygon,27,331,223,321,237,83,,148,63,227,329,168,78,236,25,67.37160120845923,96.97885196374622,96.67673716012085,55.2870090634441,19.033232628398792,31.41993957703928,99.39577039274926,50.755287009063444,94.86404833836858,7.552870090634441,YES,OK,OK,core_exact,1.0,2024,BPS - Pendataan Potensi Desa (Podes) 2024,1.8709174514588651,0.4205739265722959,0.13013303384210556,-0.548700303946872,3,Relatif tinggi lintas indikator,1.8808024133541188,NO
Jawa Tengah,33,Purbalingga,3303,33.03,jawatengah|purbalingga,Kabupaten Purbalingga,Polygon,18,239,133,238,148,89,,127,42,200,234,154,55,173,28,55.64853556485355,99.581589958159,99.16317991631799,46.86192468619247,17.573221757322173,16.317991631799167,97.90794979079497,64.43514644351464,95.39748953974896,11.715481171548117,YES,OK,OK,core_exact,1.0,2024,BPS - Pendataan Potensi Desa (Podes) 2024,1.4991197924876458,1.0910569923307631,0.6410243862083809,-0.874390853532542,2,Menengah / transisi,5.436153546562132,NO
Jawa Tengah,33,Banjarnegara,3304,33.04,jawatengah|banjarnegara,Kabupaten Banjarnegara,Polygon,20,278,138,255,155,123,,178,34,235,272,98,56,193,8,49.64028776978417,91.72661870503596,100.0,35.97122302158273,12.23021582733813,15.467625899280579,97.84172661870504,35.25179856115108,89.568345323741,2.877697841726619,YES,OK,OK,core_exact,1.0,2024,BPS - Pendataan Potensi Desa (Podes) 2024,0.4181236425908203,1.0749780327018794,-0.3467079904502886,-0.7050699716683647,2,Menengah / transisi,2.107419004343166,NO
Jawa Tengah,33,Kebumen,3305,33.05,jawatengah|kebumen,Kabupaten Kebumen,MultiPolygon,26,460,226,455,236,126,,273,80,408,431,249,38,399,16,49.130434782608695,98.91304347826086,78.69565217391305,40.65217391304348,17.391304347826086,11.304347826086957,93.69565217391305,54.130434782608695,95.0,3.4782608695652173,YES,OK,OK,core_exact,1.0,2024,BPS - Pendataan Potensi Desa (Podes) 2024,0.6977843909496166,0.7361338938181035,0.8392574082018268,-0.7594708026467375,2,Menengah / transisi,4.777334759522422,NO
Jawa Tengah,33,Purworejo,3306,33.06,jawatengah|purworejo,Kabupaten Purworejo,Polygon,16,494,152,454,246,139,,377,18,457,485,182,58,395,13,30.76923076923077,91.90283400809717,77.93522267206477,23.684210526315784,3.643724696356275,7.4898785425101195,98.17813765182186,36.84210526315789,91.7004048582996,2.631578947368421,YES,OK,OK,core_exact,1.0,2024,BPS - Pendataan Potensi Desa (Podes) 2024,-0.7749110164861274,1.3213191071424026,0.33916148946082747,-0.8805826756179452,2,Menengah / transisi,5.4549804028164806,NO
Jawa Tengah,33,Wonosobo,3307,33.07,jawatengah|wonosobo,Kabupaten Wonosobo,Polygon,15,265,117,246,136,129,,174,31,228,261,155,36,207,7,44.15094339622642,92.83018867924528,100.0,34.339622641509436,11.69811320754717,13.962264150943394,98.49056603773585,58.490566037735846,91.69811320754717,2.6415094339622645,YES,OK,OK,core_exact,1.0,2024,BPS - Pendataan Potensi Desa (Podes) 2024,0.6533866828920245,1.3576673108692823,0.4395257227510324,-1.121901099020316,2,Menengah / transisi,5.611307435072586,NO
Jawa Tengah,33,Magelang,3308,33.08,jawatengah|magelang,Kabupaten Magelang,Polygon,21,372,191,349,197,131,,233,52,327,366,145,29,299,22,51.344086021505376,93.81720430107528,88.17204301075269,37.365591397849464,13.978494623655912,12.096774193548388,98.38709677419355,38.97849462365591,88.17204301075269,5.913978494623656,YES,OK,OK,core_exact_type,1.0,2024,BPS - Pendataan Potensi Desa (Podes) 2024,0.41868447992279334,0.9017311861364178,0.13535782215891273,-0.6490460978656988,2,Menengah / transisi,1.6980260354382093,NO
Jawa Tengah,33,Boyolali,3309,33.09,jawatengah|boyolali,Kabupaten Boyolali,Polygon,22,267,182,259,79,184,,137,57,220,263,116,40,211,17,68.16479400749064,97.00374531835206,98.50187265917603,48.68913857677902,21.34831460674157,17.602996254681646,98.50187265917603,43.445692883895134,94.00749063670412,6.367041198501873,YES,OK,OK,core_exact,1.0,2024,BPS - Pendataan Potensi Desa (Podes) 2024,1.4947876285391402,0.6528224358888816,-0.0031394406932109802,-0.43137937783311336,2,Menengah / transisi,2.3395794830857377,NO
Jawa Tengah,33,Klaten,3310,33.10,jawatengah|klaten,Kabupaten Klaten,Polygon,26,401,234,401,62,321,,198,57,319,396,225,136,265,36,58.35411471321695,100.0,95.51122194513717,50.62344139650873,14.214463840399002,20.448877805486287,98.75311720698254,56.10972568578554,100.0,8.977556109725686,YES,OK,OK,core_exact,1.0,2024,BPS - Pendataan Potensi Desa (Podes) 2024,1.414792296815269,0.9521711395338335,0.44624462519698666,-0.6069435388949076,2,Menengah / transisi,3.5473551850435885,NO
Jawa Tengah,33,Sukoharjo,3311,33.11,jawatengah|sukoharjo,Kabupaten Sukoharjo,Polygon,12,167,118,167,59,96,,67,42,123,161,77,35,131,13,70.65868263473054,100.0,92.81437125748504,59.88023952095809,25.149700598802394,26.347305389221553,96.40718562874252,46.10778443113773,99.40119760479041,7.784431137724551,YES,OK,OK,core_exact,1.0,2024,BPS - Pendataan Potensi Desa (Podes) 2024,2.008669125686029,0.1699001273413141,0.07637620353600269,-0.41662126413559314,3,Relatif tinggi lintas indikator,2.3377866444761244,NO
Jawa Tengah,33,Wonogiri,3312,33.12,jawatengah|wonogiri,Kabupaten Wonogiri,Polygon,25,294,174,280,87,173,,131,44,253,277,172,56,222,17,59.183673469387756,95.23809523809523,88.43537414965986,55.442176870748305,14.965986394557824,13.945578231292522,94.21768707482994,58.50340136054422,94.5578231292517,5.782312925170068,YES,OK,OK,core_exact,1.0,2024,BPS - Pendataan Potensi Desa (Podes) 2024,1.2156732507226986,0.6601809344475879,0.7738111325534736,-0.6864984278900004,2,Menengah / transisi,4.746308330615991,NO
Jawa Tengah,33,Karanganyar,3313,33.13,jawatengah|karanganyar,Kabupaten Karanganyar,MultiPolygon,17,177,128,175,86,91,,78,46,135,168,77,27,144,5,72.31638418079096,98.87005649717514,100.0,55.93220338983051,25.98870056497175,23.728813559322038,94.91525423728814,43.50282485875706,96.61016949152543,2.824858757062147,YES,OK,OK,core_exact,1.0,2024,BPS - Pendataan Potensi Desa (Podes) 2024,1.9611065987512886,0.30314373965082303,-0.15803233682216966,-0.3778285948017871,3,Relatif tinggi lintas indikator,2.96113262273386,NO
Jawa Tengah,33,Sragen,3314,33.14,jawatengah|sragen,Kabupaten Sragen,Polygon,20,208,162,207,97,69,,67,53,154,204,86,42,158,6,77.88461538461539,99.51923076923077,79.8076923076923,67.78846153846155,25.48076923076923,25.96153846153846,98.07692307692307,41.34615384615385,96.15384615384616,2.8846153846153846,YES,OK,OK,core_exact,1.0,2024,BPS - Pendataan Potensi Desa (Podes) 2024,2.0318999434203624,-0.25005686340313266,0.3103289562499261,-0.1719622094157048,3,Relatif tinggi lintas indikator,3.4577124119457388,NO
Jawa Tengah,33,Grobogan,3315,33.15,jawatengah|grobogan,Kabupaten Grobogan,Polygon,19,280,209,275,104,96,,133,85,233,278,83,101,171,5,74.64285714285714,98.21428571428571,71.42857142857143,52.5,30.357142857142854,16.78571428571428,99.28571428571429,29.642857142857142,97.14285714285714,1.7857142857142856,YES,OK,OK,core_exact,1.0,2024,BPS - Pendataan Potensi Desa (Podes) 2024,1.3999753551138951,-0.27770336739646295,0.21981479469760415,-0.17959451246814354,2,Menengah / transisi,7.986082078266407,NO
Jawa Tengah,33,Blora,3316,33.16,jawatengah|blora,Kabupaten Blora,Polygon,16,295,159,290,64,28,,198,44,254,295,85,72,205,5,53.898305084745765,98.30508474576271,31.186440677966104,32.88135593220339,14.915254237288137,13.898305084745765,100.0,28.8135593220339,93.89830508474576,1.694915254237288,YES,OK,OK,core_exact,1.0,2024,BPS - Pendataan Potensi Desa (Podes) 2024,-0.3457635604661681,-0.20001506356445367,1.3219247891508672,-0.11023915323025424,2,Menengah / transisi,12.57744097361411,NO
Jawa Tengah,33,Rembang,3317,33.17,jawatengah|rembang,Kabupaten Rembang,MultiPolygon,14,294,131,294,138,94,,222,35,266,280,81,100,182,6,44.5578231292517,100.0,78.91156462585033,24.489795918367353,11.904761904761903,9.523809523809524,95.23809523809523,27.55102040816326,95.91836734693877,2.0408163265306123,YES,OK,OK,core_exact,1.0,2024,BPS - Pendataan Potensi Desa (Podes) 2024,-0.23807602773461245,1.0461506368478504,-0.005225819216741431,-0.317208400049145,2,Menengah / transisi,3.0623761515111743,NO
Jawa Tengah,33,Pati,3318,33.18,jawatengah|pati,Kabupaten Pati,Polygon,21,406,218,402,164,44,,258,62,339,403,149,123,280,12,53.69458128078818,99.01477832512316,51.231527093596064,36.45320197044335,15.270935960591133,16.50246305418719,99.26108374384236,36.69950738916256,99.26108374384236,2.955665024630542,YES,OK,OK,core_exact,1.0,2024,BPS - Pendataan Potensi Desa (Podes) 2024,0.1611118893458423,0.16003813412236112,1.0053612638837481,-0.3001925238492405,2,Menengah / transisi,6.453005875119233,NO
Jawa Tengah,33,Kudus,3319,33.19,jawatengah|kudus,Kabupaten Kudus,Polygon,9,132,109,132,87,45,,60,30,96,125,66,68,61,9,82.57575757575758,100.0,100.0,54.54545454545454,22.727272727272727,27.27272727272727,94.6969696969697,50.0,97.72727272727273,6.8181818181818175,YES,OK,OK,core_exact,1.0,2024,BPS - Pendataan Potensi Desa (Podes) 2024,2.1935078314968726,0.34654328009498053,0.15715310389352088,-0.052558754021368115,3,Relatif tinggi lintas indikator,1.9842782909197954,NO
Jawa Tengah,33,Jepara,3320,33.20,jawatengah|jepara,Kabupaten Jepara,MultiPolygon,16,195,151,193,110,78,,91,53,157,188,80,60,129,17,77.43589743589745,98.97435897435898,96.41025641025641,53.333333333333336,27.17948717948718,19.487179487179485,96.41025641025641,41.02564102564102,96.92307692307692,8.717948717948717,YES,OK,OK,core_exact,1.0,2024,BPS - Pendataan Potensi Desa (Podes) 2024,1.8971141048612612,0.2823576927690598,-0.0452031450165082,-0.21594962834263237,3,Relatif tinggi lintas indikator,4.284568104382329,NO
Jawa Tengah,33,Demak,3321,33.21,jawatengah|demak,Kabupaten Demak,Polygon,14,249,152,247,80,169,,172,42,216,212,75,66,181,5,61.044176706827315,99.19678714859438,100.0,30.923694779116463,16.867469879518072,13.253012048192769,85.14056224899599,30.120481927710845,99.19678714859438,2.0080321285140563,YES,OK,OK,core_exact,1.0,2024,BPS - Pendataan Potensi Desa (Podes) 2024,0.5546489291715596,0.8877280881096692,-0.47081744350499655,-0.013755239206514133,2,Menengah / transisi,2.3955419380493606,NO
Jawa Tengah,33,Semarang,3322,33.22,jawatengah|semarang,Kabupaten Semarang,MultiPolygon,19,235,173,231,138,83,,138,40,193,228,147,43,179,12,73.61702127659574,98.29787234042553,94.04255319148936,41.276595744680854,17.02127659574468,17.872340425531917,97.02127659574468,62.5531914893617,94.46808510638299,5.106382978723404,YES,OK,OK,core_exact_type,1.0,2024,BPS - Pendataan Potensi Desa (Podes) 2024,1.5832540028777182,0.8610260856868207,0.8904679458843441,-0.31011716400322026,2,Menengah / transisi,3.171898124698228,NO
Jawa Tengah,33,Temanggung,3323,33.23,jawatengah|temanggung,Kabupaten Temanggung,Polygon,20,289,123,276,190,34,,209,22,251,275,133,50,205,19,42.56055363321799,95.50173010380622,77.50865051903114,27.68166089965398,7.612456747404845,13.14878892733564,95.15570934256056,46.02076124567474,88.23529411764706,6.5743944636678195,YES,OK,OK,core_exact,1.0,2024,BPS - Pendataan Potensi Desa (Podes) 2024,-0.10420993475933092,1.0571909914114743,0.6494746677546169,-0.6492519876388981,2,Menengah / transisi,4.182769211545271,NO
Jawa Tengah,33,Kendal,3324,33.24,jawatengah|kendal,Kabupaten Kendal,Polygon,20,286,181,281,119,166,,191,29,239,275,128,79,191,6,63.286713286713294,98.25174825174825,99.65034965034964,33.21678321678322,10.13986013986014,16.433566433566437,96.15384615384616,44.75524475524475,94.4055944055944,2.097902097902098,YES,OK,OK,core_exact,1.0,2024,BPS - Pendataan Potensi Desa (Podes) 2024,0.8098461828849847,1.2424313640399445,0.12617394680356728,-0.16439007812351616,2,Menengah / transisi,1.801631358523885,NO
Jawa Tengah,33,Batang,3325,33.25,jawatengah|batang,Kabupaten Batang,Polygon,15,248,118,241,109,131,,159,23,217,245,110,73,163,7,47.58064516129033,97.17741935483872,96.7741935483871,35.88709677419355,9.274193548387096,12.5,98.79032258064517,44.354838709677416,95.16129032258065,2.82258064516129,YES,OK,OK,core_exact,1.0,2024,BPS - Pendataan Potensi Desa (Podes) 2024,0.4587621300733075,1.3739572206562025,0.09531862903829921,-0.6414912212018228,2,Menengah / transisi,2.951420560718879,NO
Jawa Tengah,33,Pekalongan,3326,33.26,jawatengah|pekalongan,Kabupaten Pekalongan,Polygon,19,285,153,277,137,148,,205,21,248,266,115,47,207,10,53.68421052631579,97.19298245614036,100.0,28.07017543859649,7.368421052631578,12.982456140350873,93.33333333333333,40.35087719298245,89.12280701754386,3.508771929824561,YES,OK,OK,core_exact_type,1.0,2024,BPS - Pendataan Potensi Desa (Podes) 2024,0.2934154472794989,1.416820896676589,-0.05227188042260265,-0.2709557083689561,2,Menengah / transisi,2.22649727078674,NO
Jawa Tengah,33,Pemalang,3327,33.27,jawatengah|pemalang,Kabupaten Pemalang,Polygon,14,223,154,212,114,105,,133,38,188,197,118,54,155,11,69.05829596412556,95.06726457399103,98.20627802690582,40.35874439461884,17.040358744394617,15.695067264573993,88.34080717488789,52.91479820627802,93.72197309417041,4.932735426008969,YES,OK,OK,core_exact,1.0,2024,BPS - Pendataan Potensi Desa (Podes) 2024,1.190056625436654,0.732868024067778,0.4030171470290833,-0.2928173104248089,2,Menengah / transisi,2.321260122948923,NO
Jawa Tengah,33,Tegal,3328,33.28,jawatengah|tegal,Kabupaten Tegal,Polygon,18,287,182,282,179,108,,180,28,228,269,140,113,163,14,63.41463414634146,98.25783972125436,100.0,37.2822299651568,9.75609756097561,20.557491289198605,93.72822299651567,48.78048780487805,96.16724738675958,4.878048780487805,YES,OK,OK,core_exact_type,1.0,2024,BPS - Pendataan Potensi Desa (Podes) 2024,0.9840317043540956,1.119004967718165,0.1902780762099377,-0.19494169701217212,2,Menengah / transisi,2.2417818517741845,NO
Jawa Tengah,33,Brebes,3329,33.29,jawatengah|brebes,Kabupaten Brebes,Polygon,17,297,195,287,145,110,,170,43,242,278,95,70,212,5,65.65656565656566,96.63299663299664,85.85858585858585,42.76094276094277,14.47811447811448,18.518518518518523,93.60269360269359,31.986531986531986,94.94949494949495,1.6835016835016834,YES,OK,OK,core_exact,1.0,2024,BPS - Pendataan Potensi Desa (Podes) 2024,0.7422851151925182,0.50376413297558,-0.02948480578411757,-0.03823054505602697,2,Menengah / transisi,0.6194775018607354,NO
Jawa Tengah,33,Kota Magelang,3371,33.71,jawatengah|kotamagelang,Kota Magelang,Polygon,3,17,15,17,17,0,,2,5,3,17,9,17,0,1,88.23529411764706,100.0,100.0,88.23529411764706,29.411764705882355,82.35294117647058,100.0,52.94117647058824,100.0,5.88235294117647,YES,OK,OK,core_exact_type,1.0,2024,BPS - Pendataan Potensi Desa (Podes) 2024,4.168737014097449,-1.1800326201125462,-0.5030643492814236,-0.42231701784946835,3,Relatif tinggi lintas indikator,13.101399473171988,NO
Jawa Tengah,33,Kota Surakarta,3372,33.72,jawatengah|kotasurakarta,Kota Surakarta,Polygon,5,54,44,54,54,0,,7,30,11,51,27,43,11,7,81.48148148148148,100.0,100.0,87.03703703703704,55.55555555555556,79.62962962962963,94.44444444444444,50.0,100.0,12.962962962962962,YES,OK,OK,core_exact,1.0,2024,BPS - Pendataan Potensi Desa (Podes) 2024,4.702283401336425,-1.9618045010585325,-0.8956956543606184,-1.1730468683312427,3,Relatif tinggi lintas indikator,14.946317284285529,NO
Jawa Tengah,33,Kota Salatiga,3373,33.73,jawatengah|kotasalatiga,Kota Salatiga,Polygon,4,23,22,23,23,0,,7,8,13,23,17,12,11,4,95.65217391304348,100.0,100.0,69.56521739130434,34.78260869565217,43.47826086956522,100.0,73.91304347826086,100.0,17.391304347826086,YES,OK,OK,core_exact,1.0,2024,BPS - Pendataan Potensi Desa (Podes) 2024,3.7795038027185703,-0.32938325314011835,0.7772502880745421,-0.4808065584148389,3,Relatif tinggi lintas indikator,6.254541624390415,NO
Jawa Tengah,33,Kota Semarang,3374,33.74,jawatengah|kotasemarang,Kota Semarang,MultiPolygon,16,177,152,177,157,20,,32,52,71,138,79,91,86,6,85.87570621468926,100.0,100.0,81.92090395480226,29.37853107344633,59.887005649717516,77.96610169491525,44.632768361581924,100.0,3.389830508474576,YES,OK,OK,core_exact_type,1.0,2024,BPS - Pendataan Potensi Desa (Podes) 2024,3.2344491887545153,-1.120552470654157,-0.6010260727540653,0.00251214041538494,3,Relatif tinggi lintas indikator,5.447941647766296,NO
Jawa Tengah,33,Kota Pekalongan,3375,33.75,jawatengah|kotapekalongan,Kota Pekalongan,Polygon,4,27,25,26,24,3,,2,10,13,27,15,9,18,3,92.5925925925926,96.29629629629629,100.0,92.5925925925926,37.03703703703704,51.85185185185186,100.0,55.55555555555556,100.0,11.11111111111111,YES,OK,OK,core_exact_type,1.0,2024,BPS - Pendataan Potensi Desa (Podes) 2024,3.974521573836572,-1.005482673528793,-0.08632935659981741,-0.5990681769291727,3,Relatif tinggi lintas indikator,6.637736515204842,NO
Jawa Tengah,33,Kota Tegal,3376,33.76,jawatengah|kotategal,Kota Tegal,Polygon,4,27,22,27,20,7,,13,9,14,26,11,21,6,0,81.48148148148148,100.0,100.0,51.85185185185186,33.33333333333333,48.14814814814815,96.29629629629629,40.74074074074074,100.0,0.0,YES,OK,OK,core_exact_type,1.0,2024,BPS - Pendataan Potensi Desa (Podes) 2024,2.711220133572602,-0.3384768781689205,-0.5087391271744487,-0.29259113845849,3,Relatif tinggi lintas indikator,4.78986813465762,NO
DI Yogyakarta,34,Kulon Progo,3401,34.01,diyogyakarta|kulonprogo,Kabupaten Kulon Progo,Polygon,12,88,65,86,,,,31,4,57,86,51,24,61,12,73.86363636363636,97.72727272727273,,64.77272727272727,4.545454545454546,35.22727272727273,97.72727272727273,57.95454545454546,96.5909090909091,13.636363636363635,NO,LIMITED_SOURCE,Data angkutan umum tidak tersedia/comparable pada tabel sumber,core_exact,1.0,2024,BPS - Pendataan Potensi Desa (Podes) 2024,,,,,,Tidak masuk PCA (missing transport),,
DI Yogyakarta,34,Bantul,3402,34.02,diyogyakarta|bantul,Kabupaten Bantul,Polygon,17,75,70,75,,,,14,42,34,75,66,24,51,23,93.33333333333333,100.0,,81.33333333333333,56.00000000000001,54.666666666666664,100.0,88.0,100.0,30.666666666666664,NO,LIMITED_SOURCE,Data angkutan umum tidak tersedia/comparable pada tabel sumber,core_exact,1.0,2024,BPS - Pendataan Potensi Desa (Podes) 2024,,,,,,Tidak masuk PCA (missing transport),,
DI Yogyakarta,34,Gunungkidul,3403,34.03,diyogyakarta|gunungkidul,Kabupaten Gunungkidul,MultiPolygon,18,144,111,125,,,,36,52,114,137,83,16,102,21,77.08333333333334,86.80555555555556,,75.0,36.11111111111111,20.833333333333336,95.13888888888889,57.638888888888886,81.94444444444444,14.583333333333334,NO,LIMITED_SOURCE,Data angkutan umum tidak tersedia/comparable pada tabel sumber,core_exact,1.0,2024,BPS - Pendataan Potensi Desa (Podes) 2024,,,,,,Tidak masuk PCA (missing transport),,
DI Yogyakarta,34,Sleman,3404,34.04,diyogyakarta|sleman,Kabupaten Sleman,Polygon,17,86,80,82,,,,8,49,39,86,60,15,69,10,93.02325581395348,95.34883720930233,,90.69767441860466,56.97674418604651,54.65116279069768,100.0,69.76744186046511,97.67441860465115,11.627906976744185,NO,LIMITED_SOURCE,Data angkutan umum tidak tersedia/comparable pada tabel sumber,core_exact,1.0,2024,BPS - Pendataan Potensi Desa (Podes) 2024,,,,,,Tidak masuk PCA (missing transport),,
DI Yogyakarta,34,Kota Yogyakarta,3471,34.71,diyogyakarta|kotayogyakarta,Kota Yogyakarta,Polygon,14,45,38,45,,,,0,24,5,40,27,28,17,12,84.44444444444444,100.0,,100.0,53.333333333333336,88.88888888888889,88.88888888888889,60.0,100.0,26.666666666666668,NO,LIMITED_SOURCE,Data angkutan umum tidak tersedia/comparable pada tabel sumber,core_exact,1.0,2024,BPS - Pendataan Potensi Desa (Podes) 2024,,,,,,Tidak masuk PCA (missing transport),,
Jawa Timur,35,Pacitan,3501,35.01,jawatimur|pacitan,Kabupaten Pacitan,MultiPolygon,12,172,92,150,73,85,14,81,53,149,164,125,35,119,11,53.48837209302325,87.20930232558139,91.86046511627907,52.90697674418605,30.813953488372093,13.372093023255815,95.34883720930233,72.67441860465115,89.53488372093024,6.395348837209303,YES,OK,OK,core_exact,1.0,2024,BPS - Pendataan Potensi Desa (Podes) 2024,1.6882303246681327,0.24919194115244053,1.0059026318145843,-1.7047696531365863,3,Relatif tinggi lintas indikator,13.018817290725176,NO
Jawa Timur,35,Ponorogo,3502,35.02,jawatimur|ponorogo,Kabupaten Ponorogo,Polygon,21,307,144,289,144,113,50,177,51,256,292,213,56,228,22,46.90553745928339,94.13680781758957,83.71335504885994,42.34527687296416,16.612377850162865,16.61237785016286,95.11400651465797,69.38110749185668,92.50814332247556,7.166123778501629,YES,OK,OK,core_exact,1.0,2024,BPS - Pendataan Potensi Desa (Podes) 2024,0.9874403881820647,0.7612174463261956,1.1649779552131647,-1.2008296319003477,2,Menengah / transisi,7.634477292094037,NO
Jawa Timur,35,Trenggalek,3503,35.03,jawatimur|trenggalek,Kabupaten Trenggalek,MultiPolygon,14,157,105,138,72,30,55,62,48,132,155,90,43,102,2,66.87898089171973,87.89808917197452,64.96815286624204,60.509554140127385,30.573248407643312,15.923566878980889,98.72611464968153,57.324840764331206,92.35668789808918,1.2738853503184715,YES,OK,OK,core_exact,1.0,2024,BPS - Pendataan Potensi Desa (Podes) 2024,1.5386257388699438,-0.5330985070656542,1.2788197584098078,-1.0676874743363578,3,Relatif tinggi lintas indikator,9.251365813381419,NO
Jawa Timur,35,Tulungagung,3504,35.04,jawatimur|tulungagung,Kabupaten Tulungagung,MultiPolygon,19,271,151,264,77,78,116,155,41,213,262,140,111,151,18,55.71955719557196,97.41697416974169,57.19557195571956,42.80442804428044,15.129151291512915,21.40221402214022,96.6789667896679,51.66051660516605,96.6789667896679,6.642066420664207,YES,OK,OK,core_exact,1.0,2024,BPS - Pendataan Potensi Desa (Podes) 2024,0.6399470018452725,0.11475724755384413,1.300420011869369,-0.5061166357765394,2,Menengah / transisi,5.977097502624884,NO
Jawa Timur,35,Blitar,3505,35.05,jawatimur|blitar,Kabupaten Blitar,MultiPolygon,22,248,162,242,80,37,131,143,57,183,243,182,79,163,28,65.32258064516128,97.58064516129032,47.17741935483871,42.33870967741935,22.983870967741936,26.209677419354836,97.98387096774194,73.38709677419355,97.58064516129032,11.29032258064516,YES,OK,OK,core_exact_type,1.0,2024,BPS - Pendataan Potensi Desa (Podes) 2024,1.3603648190578606,-0.3054904536383871,2.2947865505156013,-0.7076055555400468,2,Menengah / transisi,12.39288998696162,NO
Jawa Timur,35,Kediri,3506,35.06,jawatimur|kediri,Kabupaten Kediri,Polygon,26,344,213,342,101,47,196,223,55,267,323,212,89,251,9,61.91860465116279,99.4186046511628,43.02325581395349,35.17441860465116,15.988372093023257,22.383720930232553,93.8953488372093,61.627906976744185,98.83720930232558,2.616279069767442,YES,OK,OK,core_exact_type,1.0,2024,BPS - Pendataan Potensi Desa (Podes) 2024,0.6419167664233092,-0.10510116070209653,2.082358940312016,-0.300505374961763,2,Menengah / transisi,11.12951509141402,NO
Jawa Timur,35,Malang,3507,35.07,jawatimur|malang,Kabupaten Malang,MultiPolygon,33,390,304,378,189,85,116,207,103,308,376,242,128,247,35,77.94871794871796,96.92307692307692,70.25641025641025,46.92307692307692,26.410256410256412,21.02564102564103,96.41025641025641,62.05128205128205,96.15384615384616,8.974358974358974,YES,OK,OK,core_exact_type,1.0,2024,BPS - Pendataan Potensi Desa (Podes) 2024,1.753094989208329,-0.09955677954060779,1.4100396803943764,-0.38926662925988376,3,Relatif tinggi lintas indikator,5.600593232082641,NO
Jawa Timur,35,Lumajang,3508,35.08,jawatimur|lumajang,Kabupaten Lumajang,MultiPolygon,21,205,141,191,62,33,110,143,37,170,184,46,78,122,7,68.78048780487805,93.17073170731707,46.34146341463415,30.243902439024396,18.048780487804876,17.07317073170732,89.75609756097562,22.439024390243905,97.5609756097561,3.414634146341464,YES,OK,OK,core_exact,1.0,2024,BPS - Pendataan Potensi Desa (Podes) 2024,-0.10958889899594472,-0.461045017912229,0.7500415588730235,0.25126407901520753,2,Menengah / transisi,7.317559319687191,NO
Jawa Timur,35,Jember,3509,35.09,jawatimur|jember,Kabupaten Jember,MultiPolygon,31,248,205,242,101,87,60,123,70,185,234,118,78,160,17,82.66129032258065,97.58064516129032,75.80645161290323,50.403225806451616,28.225806451612907,25.403225806451612,94.35483870967742,47.58064516129033,95.96774193548387,6.854838709677419,YES,OK,OK,core_exact,1.0,2024,BPS - Pendataan Potensi Desa (Podes) 2024,1.859274401462208,-0.3040040020611713,0.7124918143528111,-0.10869692340995712,3,Relatif tinggi lintas indikator,4.018266320998309,NO
Jawa Timur,35,Banyuwangi,3510,35.10,jawatimur|banyuwangi,Kabupaten Banyuwangi,MultiPolygon,25,217,182,213,83,46,88,51,56,150,214,127,124,90,23,83.87096774193549,98.15668202764977,59.44700460829493,76.49769585253456,25.806451612903224,30.87557603686636,98.61751152073732,58.525345622119815,98.61751152073732,10.599078341013826,YES,OK,OK,core_exact,1.0,2024,BPS - Pendataan Potensi Desa (Podes) 2024,2.3654472797204273,-0.8216932053652687,1.426420595763766,-0.2455733905389535,3,Relatif tinggi lintas indikator,7.6129243864969816,NO
Jawa Timur,35,Bondowoso,3511,35.11,jawatimur|bondowoso,Kabupaten Bondowoso,Polygon,23,219,96,193,69,32,118,170,19,193,203,130,61,137,8,43.83561643835616,88.12785388127854,46.118721461187214,22.374429223744297,8.67579908675799,11.87214611872146,92.69406392694064,59.3607305936073,90.41095890410958,3.65296803652968,YES,OK,OK,core_exact,1.0,2024,BPS - Pendataan Potensi Desa (Podes) 2024,-0.5348884253129114,0.32579538069821506,1.9976903678145006,-0.8449168289475463,2,Menengah / transisi,10.970223597171394,NO
Jawa Timur,35,Situbondo,3512,35.12,jawatimur|situbondo,Kabupaten Situbondo,MultiPolygon,17,136,93,124,48,66,22,90,25,105,117,65,68,54,9,68.38235294117648,91.17647058823529,83.82352941176471,33.82352941176471,18.38235294117647,22.79411764705882,86.02941176470588,47.794117647058826,89.70588235294117,6.61764705882353,YES,OK,OK,core_exact,1.0,2024,BPS - Pendataan Potensi Desa (Podes) 2024,0.8651045797045676,0.18585143523421552,0.5284903426841023,-0.28905481808235595,2,Menengah / transisi,1.6765755307524686,NO
Jawa Timur,35,Probolinggo,3513,35.13,jawatimur|probolinggo,Kabupaten Probolinggo,MultiPolygon,24,330,142,299,122,126,82,246,41,282,277,99,133,162,9,43.03030303030303,90.6060606060606,75.15151515151514,25.454545454545453,12.424242424242424,14.54545454545455,83.93939393939394,30.0,89.39393939393939,2.727272727272727,YES,OK,OK,core_exact_type,1.0,2024,BPS - Pendataan Potensi Desa (Podes) 2024,-0.46826223299725506,0.4458550331153521,0.07451626909316796,-0.5183868743106445,2,Menengah / transisi,1.907124772981391,NO
Jawa Timur,35,Pasuruan,3514,35.14,jawatimur|pasuruan,Kabupaten Pasuruan,Polygon,24,365,200,355,124,156,85,245,71,310,299,150,139,205,19,54.794520547945204,97.26027397260275,76.71232876712328,32.87671232876712,19.45205479452055,15.068493150684937,81.91780821917808,41.0958904109589,94.24657534246576,5.205479452054795,YES,OK,OK,core_exact_type,1.0,2024,BPS - Pendataan Potensi Desa (Podes) 2024,0.39351808512955044,0.2895940864317301,0.4175809059526205,-0.3303564580682136,2,Menengah / transisi,2.6141378518512184,NO
Jawa Timur,35,Sidoarjo,3515,35.15,jawatimur|sidoarjo,Kabupaten Sidoarjo,Polygon,18,346,274,346,85,196,65,147,59,259,308,159,182,164,12,79.1907514450867,100.0,81.21387283236994,57.51445086705203,17.052023121387283,25.144508670520228,89.01734104046243,45.95375722543353,100.0,3.4682080924855487,YES,OK,OK,core_exact,1.0,2024,BPS - Pendataan Potensi Desa (Podes) 2024,1.5967220624839011,0.035583455140236954,0.537181477542721,0.2042353705206706,3,Relatif tinggi lintas indikator,1.605988402330902,NO
Jawa Timur,35,Mojokerto,3516,35.16,jawatimur|mojokerto,Kabupaten Mojokerto,Polygon,18,304,180,296,79,77,148,209,26,262,273,168,90,204,16,59.210526315789465,97.36842105263158,51.31578947368421,31.25,8.552631578947368,13.815789473684214,89.80263157894737,55.26315789473685,96.71052631578947,5.263157894736842,YES,OK,OK,core_exact_type,1.0,2024,BPS - Pendataan Potensi Desa (Podes) 2024,0.05984485108505281,0.3413408895807023,1.785473428118532,-0.10139476784402902,2,Menengah / transisi,7.382794660859357,NO
Jawa Timur,35,Jombang,3517,35.17,jawatimur|jombang,Kabupaten Jombang,Polygon,21,306,199,303,109,118,79,226,41,252,275,183,180,116,13,65.0326797385621,99.01960784313727,74.18300653594771,26.1437908496732,13.398692810457517,17.647058823529417,89.86928104575163,59.80392156862745,96.73202614379085,4.248366013071895,YES,OK,OK,core_exact,1.0,2024,BPS - Pendataan Potensi Desa (Podes) 2024,0.6959685211096952,0.6814856363187518,1.30915962532307,-0.1578958098359262,2,Menengah / transisi,4.597745175685523,NO
Jawa Timur,35,Nganjuk,3518,35.18,jawatimur|nganjuk,Kabupaten Nganjuk,Polygon,20,284,165,280,95,81,108,189,38,231,279,131,86,187,8,58.098591549295776,98.59154929577466,61.97183098591549,33.45070422535211,13.380281690140844,18.661971830985912,98.23943661971832,46.12676056338028,96.12676056338029,2.8169014084507045,YES,OK,OK,core_exact,1.0,2024,BPS - Pendataan Potensi Desa (Podes) 2024,0.4321678174606081,0.42971309580283884,1.0866583761273418,-0.28475144801575186,2,Menengah / transisi,4.443958757963598,NO
Jawa Timur,35,Madiun,3519,35.19,jawatimur|madiun,Kabupaten Madiun,Polygon,15,206,125,202,59,114,33,120,47,153,193,130,79,125,10,60.679611650485434,98.05825242718447,83.98058252427184,41.747572815533985,22.815533980582526,25.728155339805824,93.68932038834951,63.10679611650486,99.02912621359224,4.854368932038835,YES,OK,OK,core_exact_type,1.0,2024,BPS - Pendataan Potensi Desa (Podes) 2024,1.5344164422700577,0.362921526734119,0.8959641875750289,-0.7722387799258539,2,Menengah / transisi,4.397345116370287,NO
Jawa Timur,35,Magetan,3520,35.20,jawatimur|magetan,Kabupaten Magetan,Polygon,18,235,110,232,91,144,0,132,46,186,229,163,78,150,6,46.808510638297875,98.72340425531915,100.0,43.82978723404255,19.574468085106382,20.85106382978723,97.44680851063829,69.36170212765957,97.02127659574468,2.553191489361702,YES,OK,OK,core_exact,1.0,2024,BPS - Pendataan Potensi Desa (Podes) 2024,1.5110978154004677,1.0628649751733394,0.642944101535103,-1.2617023286243547,2,Menengah / transisi,8.175143119853848,NO
Jawa Timur,35,Ngawi,3521,35.21,jawatimur|ngawi,Kabupaten Ngawi,MultiPolygon,19,217,130,217,78,7,132,98,56,166,214,126,48,162,10,59.907834101382484,100.0,39.1705069124424,54.83870967741935,25.806451612903224,23.502304147465438,98.61751152073732,58.06451612903226,96.7741935483871,4.6082949308755765,YES,OK,OK,core_exact,1.0,2024,BPS - Pendataan Potensi Desa (Podes) 2024,1.230761275869921,-0.637173324616098,1.8854274975716752,-0.6821889693056857,2,Menengah / transisi,13.213787914329917,NO
Jawa Timur,35,Bojonegoro,3522,35.22,jawatimur|bojonegoro,Kabupaten Bojonegoro,Polygon,28,430,196,418,85,22,323,294,77,382,407,149,144,266,6,45.58139534883721,97.20930232558139,24.88372093023256,31.627906976744192,17.906976744186046,11.162790697674419,94.65116279069767,34.651162790697676,95.34883720930233,1.3953488372093024,YES,OK,OK,core_exact,1.0,2024,BPS - Pendataan Potensi Desa (Podes) 2024,-0.5330129653829858,-0.38066859918621176,1.6075457247858944,-0.421905453001686,2,Menengah / transisi,15.52595288194323,NO
Jawa Timur,35,Tuban,3523,35.23,jawatimur|tuban,Kabupaten Tuban,Polygon,20,328,181,308,111,89,128,181,79,291,312,126,125,180,7,55.1829268292683,93.90243902439023,60.97560975609756,44.8170731707317,24.085365853658537,11.280487804878048,95.1219512195122,38.41463414634146,92.98780487804879,2.1341463414634148,YES,OK,OK,core_exact,1.0,2024,BPS - Pendataan Potensi Desa (Podes) 2024,0.5160987044064262,-0.10611116856822468,0.7627668647489758,-0.6654099045095883,2,Menengah / transisi,6.13245087589596,NO
Jawa Timur,35,Lamongan,3524,35.24,jawatimur|lamongan,Kabupaten Lamongan,MultiPolygon,27,474,176,465,74,119,281,314,97,410,461,176,167,288,12,37.130801687763714,98.10126582278481,40.71729957805908,33.755274261603375,20.464135021097047,13.502109704641352,97.25738396624473,37.130801687763714,95.9915611814346,2.5316455696202533,YES,OK,OK,core_exact,1.0,2024,BPS - Pendataan Potensi Desa (Podes) 2024,-0.22276604922958232,-0.063313538495519,1.1355847620225905,-0.8506141363982649,2,Menengah / transisi,12.871785565223371,NO
Jawa Timur,35,Gresik,3525,35.25,jawatimur|gresik,Kabupaten Gresik,MultiPolygon,18,356,201,353,154,73,129,188,73,304,287,175,156,192,24,56.46067415730337,99.15730337078652,63.76404494382022,47.19101123595506,20.50561797752809,14.60674157303371,80.6179775280899,49.157303370786515,97.75280898876404,6.741573033707865,YES,OK,OK,core_exact,1.0,2024,BPS - Pendataan Potensi Desa (Podes) 2024,0.6723800075273901,-0.10160391619996866,1.0016147200835248,-0.34605066898165077,2,Menengah / transisi,5.541421605657124,NO
Jawa Timur,35,Bangkalan,3526,35.26,jawatimur|bangkalan,Kabupaten Bangkalan,MultiPolygon,18,281,169,273,33,163,85,172,46,256,163,64,64,184,4,60.14234875444839,97.15302491103202,69.7508896797153,38.79003558718861,16.370106761565836,8.896797153024917,58.00711743772242,22.77580071174377,88.25622775800713,1.4234875444839856,YES,OK,OK,core_exact,1.0,2024,BPS - Pendataan Potensi Desa (Podes) 2024,-0.28049160825984304,-0.29318754721153784,0.01738430469235818,0.4976198941163886,2,Menengah / transisi,4.1222359031194,NO
Jawa Timur,35,Sampang,3527,35.27,jawatimur|sampang,Kabupaten Sampang,MultiPolygon,14,186,132,161,51,124,11,98,31,168,98,35,41,141,1,70.96774193548387,86.55913978494624,94.08602150537635,47.31182795698925,16.666666666666664,9.677419354838712,52.68817204301075,18.817204301075268,97.84946236559139,0.5376344086021506,YES,OK,OK,core_exact,1.0,2024,BPS - Pendataan Potensi Desa (Podes) 2024,0.047992799419140746,-0.3774019503863763,-0.7141618582167326,0.4807005267854384,2,Menengah / transisi,6.088296380190294,NO
Jawa Timur,35,Pamekasan,3528,35.28,jawatimur|pamekasan,Kabupaten Pamekasan,Polygon,13,189,129,188,77,87,25,110,37,169,142,110,75,111,17,68.25396825396825,99.47089947089947,86.77248677248677,41.798941798941804,19.576719576719576,10.582010582010582,75.13227513227513,58.201058201058196,98.4126984126984,8.994708994708994,YES,OK,OK,core_exact,1.0,2024,BPS - Pendataan Potensi Desa (Podes) 2024,1.0631070974355186,0.41555612485466653,0.867088029577243,-0.08545489944366508,2,Menengah / transisi,5.10559102708499,NO
Jawa Timur,35,Sumenep,3529,35.29,jawatimur|sumenep,Kabupaten Sumenep,MultiPolygon,27,334,182,314,111,152,71,190,58,300,234,178,100,195,11,54.49101796407185,94.01197604790418,78.74251497005989,43.113772455089816,17.365269461077844,10.179640718562876,70.05988023952095,53.293413173652695,88.32335329341318,3.293413173652695,YES,OK,OK,core_exact,1.0,2024,BPS - Pendataan Potensi Desa (Podes) 2024,0.4280166448224283,0.14868197012888287,0.7918752028735346,-0.41136226868409737,2,Menengah / transisi,4.986511713302825,NO
Jawa Timur,35,Kota Kediri,3571,35.71,jawatimur|kotakediri,Kota Kediri,Polygon,3,46,34,46,42,4,0,11,14,21,45,25,28,18,3,73.91304347826086,100.0,100.0,76.08695652173914,30.434782608695656,54.347826086956516,97.82608695652173,54.347826086956516,100.0,6.521739130434782,YES,OK,OK,core_exact_type,1.0,2024,BPS - Pendataan Potensi Desa (Podes) 2024,3.2490848108291264,-0.48907195765877925,-0.2325533514778708,-0.7405402938107754,3,Relatif tinggi lintas indikator,4.745837138779271,NO
Jawa Timur,35,Kota Blitar,3572,35.72,jawatimur|kotablitar,Kota Blitar,Polygon,3,21,18,21,20,1,0,8,7,12,20,21,9,12,6,85.71428571428571,100.0,100.0,61.904761904761905,33.33333333333333,42.85714285714286,95.23809523809523,100.0,100.0,28.57142857142857,YES,OK,OK,core_exact_type,1.0,2024,BPS - Pendataan Potensi Desa (Podes) 2024,3.7864852054523905,-0.03967674465097995,1.6219529496588303,-0.9708593811842117,3,Relatif tinggi lintas indikator,13.605772165421106,NO
Jawa Timur,35,Kota Malang,3573,35.73,jawatimur|kotamalang,Kota Malang,Polygon,5,57,56,56,47,8,2,6,22,15,57,35,56,1,4,98.24561403508771,98.24561403508771,96.49122807017544,89.47368421052632,38.59649122807017,73.6842105263158,100.0,61.40350877192983,100.0,7.017543859649122,YES,OK,OK,core_exact_type,1.0,2024,BPS - Pendataan Potensi Desa (Podes) 2024,4.544855259021629,-1.4378769245602527,-0.0010901866470773571,-0.5162414675256259,3,Relatif tinggi lintas indikator,7.760213590358747,NO
Jawa Timur,35,Kota Probolinggo,3574,35.74,jawatimur|kotaprobolinggo,Kota Probolinggo,Polygon,5,29,23,29,25,4,0,10,8,19,28,23,21,8,0,79.3103448275862,100.0,100.0,65.51724137931035,27.586206896551722,34.48275862068966,96.55172413793103,79.3103448275862,100.0,0.0,YES,OK,OK,core_exact_type,1.0,2024,BPS - Pendataan Potensi Desa (Podes) 2024,3.0947290656531807,0.1786021462533955,0.9847220281730303,-0.7442673154489278,3,Relatif tinggi lintas indikator,6.8795965472265,NO
Jawa Timur,35,Kota Pasuruan,3575,35.75,jawatimur|kotapasuruan,Kota Pasuruan,Polygon,4,34,28,34,31,3,0,16,6,24,18,29,25,9,3,82.35294117647058,100.0,100.0,52.94117647058824,17.647058823529413,29.411764705882348,52.94117647058824,85.29411764705883,100.0,8.823529411764707,YES,OK,OK,core_exact_type,1.0,2024,BPS - Pendataan Potensi Desa (Podes) 2024,2.1264129200741424,-0.04145910756449355,1.26862412622406,0.2012436060955269,3,Relatif tinggi lintas indikator,14.940806207242218,NO
Jawa Timur,35,Kota Mojokerto,3576,35.76,jawatimur|kotamojokerto,Kota Mojokerto,Polygon,3,18,17,18,0,18,0,2,7,7,15,14,13,5,5,94.44444444444444,100.0,100.0,88.88888888888889,38.88888888888889,61.111111111111114,83.33333333333334,77.77777777777779,100.0,27.77777777777778,YES,OK,OK,core_exact_type,1.0,2024,BPS - Pendataan Potensi Desa (Podes) 2024,4.405870788308636,-1.2637672381557084,0.5278807237178476,-0.5487126303144888,3,Relatif tinggi lintas indikator,9.444531029430276,NO
Jawa Timur,35,Kota Madiun,3577,35.77,jawatimur|kotamadiun,Kota Madiun,MultiPolygon,3,27,22,27,21,6,0,3,13,11,26,24,20,7,2,81.48148148148148,100.0,100.0,88.88888888888889,48.148148148148145,59.25925925925925,96.29629629629629,88.88888888888889,100.0,7.4074074074074066,YES,OK,OK,core_exact_type,1.0,2024,BPS - Pendataan Potensi Desa (Podes) 2024,4.771910458288676,-1.1181522489456892,0.7713841815312744,-1.4866415247753832,3,Relatif tinggi lintas indikator,15.54165212761609,NO
Jawa Timur,35,Kota Surabaya,3578,35.78,jawatimur|kotasurabaya,Kota Surabaya,Polygon,31,153,126,153,134,19,0,10,90,32,152,80,153,0,9,82.35294117647058,100.0,100.0,93.4640522875817,58.82352941176471,79.08496732026144,99.34640522875817,52.28758169934641,100.0,5.88235294117647,YES,OK,OK,core_exact,1.0,2024,BPS - Pendataan Potensi Desa (Podes) 2024,5.011355245765293,-2.0294621409570732,-0.8367726575239504,-1.3581706158640783,3,Relatif tinggi lintas indikator,16.833781644252653,NO
Jawa Timur,35,Kota Batu,3579,35.79,jawatimur|kotabatu,Kota Batu,Polygon,3,24,18,24,24,0,0,11,5,16,24,22,16,8,5,75.0,100.0,100.0,54.16666666666667,20.833333333333336,33.333333333333336,100.0,91.66666666666666,100.0,20.833333333333336,YES,OK,OK,core_exact,1.0,2024,BPS - Pendataan Potensi Desa (Podes) 2024,2.8315541127509607,0.7006567769451767,1.5014434402159185,-0.8544158455687838,3,Relatif tinggi lintas indikator,10.632841599159123,NO
Banten,36,Pandeglang,3601,36.01,banten|pandeglang,Kabupaten Pandeglang,MultiPolygon,35,339,196,286,117,51,171,280,28,318,203,113,25,221,10,57.817109144542776,84.36578171091446,49.557522123893804,17.404129793510325,8.259587020648967,6.194690265486724,59.882005899705014,33.33333333333333,72.56637168141593,2.949852507374631,YES,OK,OK,core_exact,1.0,2024,BPS - Pendataan Potensi Desa (Podes) 2024,-1.3180293305155402,-0.35992803589698,1.114110667409583,0.27867333372435293,2,Menengah / transisi,3.3564822420053853,NO
Banten,36,Lebak,3602,36.02,banten|lebak,Kabupaten Lebak,MultiPolygon,28,345,208,298,189,60,96,259,23,323,226,74,42,197,8,60.28985507246377,86.37681159420289,72.17391304347827,24.927536231884062,6.666666666666667,6.376811594202902,65.5072463768116,21.44927536231884,69.27536231884058,2.318840579710145,YES,OK,OK,core_exact,1.0,2024,BPS - Pendataan Potensi Desa (Podes) 2024,-0.9864587435709314,0.11114750960267752,0.11825333642493857,0.403726123956937,2,Menengah / transisi,0.6693987280923777,NO
Banten,36,Tangerang,3603,36.03,banten|tangerang,Kabupaten Tangerang,MultiPolygon,29,274,254,272,132,39,103,74,44,218,123,56,58,205,5,92.7007299270073,99.27007299270073,62.40875912408759,72.99270072992701,16.05839416058394,20.43795620437956,44.89051094890511,20.437956204379564,95.98540145985402,1.824817518248175,YES,OK,OK,core_exact_type,1.0,2024,BPS - Pendataan Potensi Desa (Podes) 2024,0.8032904620749987,-1.4614791373418534,0.1446306044233596,1.5803982690217326,2,Menengah / transisi,13.07676266358989,NO
Banten,36,Serang,3604,36.04,banten|serang,Kabupaten Serang,MultiPolygon,29,326,233,296,105,88,133,228,24,296,163,62,41,249,4,71.47239263803681,90.79754601226993,59.20245398773007,30.061349693251536,7.361963190184049,9.202453987730063,50.0,19.018404907975462,88.95705521472392,1.2269938650306749,YES,OK,OK,core_exact_type,1.0,2024,BPS - Pendataan Potensi Desa (Podes) 2024,-0.9338100535937843,-0.5403702047319343,0.3715142725382187,1.110833772583949,2,Menengah / transisi,3.291963213186545,NO
Banten,36,Kota Tangerang,3671,36.71,banten|kotatangerang,Kota Tangerang,Polygon,13,104,97,104,99,5,0,12,28,40,68,26,65,39,3,93.26923076923077,100.0,100.0,88.46153846153845,26.923076923076923,61.53846153846154,65.38461538461539,25.0,100.0,2.8846153846153846,YES,OK,OK,core_exact_type,1.0,2024,BPS - Pendataan Potensi Desa (Podes) 2024,2.9664275925538277,-1.5499168351046932,-1.2770408224179692,0.6856554977258006,3,Relatif tinggi lintas indikator,9.337105771650865,NO
Banten,36,Kota Cilegon,3672,36.72,banten|kotacilegon,Kota Cilegon,MultiPolygon,8,43,42,42,24,19,0,14,4,27,36,26,27,15,1,97.67441860465115,97.67441860465115,100.0,67.44186046511628,9.30232558139535,37.2093023255814,83.72093023255815,60.46511627906976,97.67441860465115,2.3255813953488373,YES,OK,OK,core_exact,1.0,2024,BPS - Pendataan Potensi Desa (Podes) 2024,2.4142124797117837,0.12218576734142271,0.594385610539539,0.6073385815753445,3,Relatif tinggi lintas indikator,8.830668242111459,NO
Banten,36,Kota Serang,3673,36.73,banten|kotaserang,Kota Serang,Polygon,6,67,62,66,43,24,0,30,5,52,47,35,16,48,2,92.53731343283582,98.50746268656717,100.0,55.223880597014926,7.462686567164178,22.388059701492537,70.1492537313433,52.23880597014925,95.52238805970148,2.9850746268656714,YES,OK,OK,core_exact_type,1.0,2024,BPS - Pendataan Potensi Desa (Podes) 2024,1.5280974671926557,0.35508957194747726,0.4463893364289344,0.9124956496283938,2,Menengah / transisi,6.724661071428047,NO
Banten,36,Kota Tangerang Selatan,3674,36.74,banten|kotatangerangselatan,Kota Tangerang Selatan,Polygon,7,54,54,54,36,6,12,0,18,15,38,10,35,19,1,100.0,100.0,77.77777777777779,100.0,33.33333333333333,72.22222222222221,70.37037037037037,18.51851851851852,100.0,1.8518518518518516,YES,OK,OK,core_exact,1.0,2024,BPS - Pendataan Potensi Desa (Podes) 2024,3.3344410532160103,-2.5179630074139423,-1.0503035938718692,0.7482874467267687,3,Relatif tinggi lintas indikator,13.38452048934346,NO
Bali,51,Jembrana,5101,51.01,bali|jembrana,Kabupaten Jembrana,MultiPolygon,5,51,47,51,32,19,0,31,14,3,51,16,16,33,2,92.15686274509804,100.0,100.0,39.21568627450981,27.450980392156865,94.11764705882352,100.0,31.372549019607842,96.07843137254902,3.9215686274509802,YES,OK,OK,core_exact,1.0,2024,BPS - Pendataan Potensi Desa (Podes) 2024,3.210156216546795,-0.9182106236904751,-1.1700732461123549,0.19614667966686775,3,Relatif tinggi lintas indikator,34.26555850467583,YES
Bali,51,Tabanan,5102,51.02,bali|tabanan,Kabupaten Tabanan,MultiPolygon,10,133,103,132,30,14,89,91,33,8,132,40,38,89,5,77.44360902255639,99.24812030075188,33.08270676691729,31.57894736842105,24.81203007518797,93.98496240601504,99.24812030075188,30.075187969924812,95.48872180451127,3.7593984962406015,YES,OK,OK,core_exact,1.0,2024,BPS - Pendataan Potensi Desa (Podes) 2024,1.834813224252097,-2.041546416831105,0.49420181618057274,0.1597111561714913,3,Relatif tinggi lintas indikator,55.77531897376021,YES
Bali,51,Badung,5103,51.03,bali|badung,Kabupaten Badung,MultiPolygon,6,62,53,61,29,31,2,18,39,1,62,14,43,19,4,85.48387096774194,98.38709677419355,96.7741935483871,70.96774193548387,62.903225806451616,98.38709677419355,100.0,22.58064516129032,100.0,6.451612903225806,YES,OK,OK,core_exact,1.0,2024,BPS - Pendataan Potensi Desa (Podes) 2024,4.619548092884073,-2.5359412852286236,-1.9409798834668286,-0.9755067566759282,3,Relatif tinggi lintas indikator,32.80027669226526,YES
Bali,51,Gianyar,5104,51.04,bali|gianyar,Kabupaten Gianyar,Polygon,7,70,68,70,25,45,0,16,42,0,70,49,33,37,22,97.14285714285714,100.0,100.0,77.14285714285715,60.0,100.0,100.0,70.0,100.0,31.428571428571427,YES,OK,OK,core_exact,1.0,2024,BPS - Pendataan Potensi Desa (Podes) 2024,5.684251108587636,-2.231311624500463,-0.27930918269354,-1.1896995854009913,3,Relatif tinggi lintas indikator,24.160811691675526,YES
Bali,51,Klungkung,5105,51.05,bali|klungkung,Kabupaten Klungkung,MultiPolygon,4,59,50,59,44,5,10,32,20,6,57,27,28,31,9,84.7457627118644,100.0,83.05084745762711,45.76271186440678,33.89830508474576,89.83050847457628,96.61016949152543,45.76271186440678,100.0,15.254237288135593,YES,OK,OK,core_exact,1.0,2024,BPS - Pendataan Potensi Desa (Podes) 2024,3.293440469449122,-1.37170676178613,-0.32685787450901677,-0.27352720630367494,3,Relatif tinggi lintas indikator,25.276409408899806,YES
Bali,51,Bangli,5106,51.06,bali|bangli,Kabupaten Bangli,Polygon,4,73,47,72,36,3,34,47,17,8,73,42,12,60,8,64.38356164383562,98.63013698630137,53.42465753424658,35.61643835616438,23.28767123287671,89.04109589041096,100.0,57.534246575342465,98.63013698630137,10.95890410958904,YES,OK,OK,core_exact,1.0,2024,BPS - Pendataan Potensi Desa (Podes) 2024,2.244152215753558,-1.2853948421023418,0.8415115451578841,-0.652554755387136,3,Relatif tinggi lintas indikator,44.007090647938455,YES
Bali,51,Karangasem,5107,51.07,bali|karangasem,Kabupaten Karangasem,MultiPolygon,8,78,67,77,61,7,10,33,22,9,77,30,29,45,8,85.8974358974359,98.71794871794873,87.17948717948718,57.692307692307686,28.205128205128204,88.46153846153845,98.71794871794873,38.46153846153847,94.87179487179486,10.256410256410255,YES,OK,OK,core_exact,1.0,2024,BPS - Pendataan Potensi Desa (Podes) 2024,3.246410234961594,-1.2828395981332532,-0.6439857656161745,-0.12327449846858736,3,Relatif tinggi lintas indikator,21.486528870620674,YES
Bali,51,Buleleng,5108,51.08,bali|buleleng,Kabupaten Buleleng,MultiPolygon,9,148,116,148,97,48,3,52,49,18,148,77,66,82,15,78.37837837837837,100.0,97.97297297297297,64.86486486486487,33.108108108108105,87.83783783783784,100.0,52.02702702702703,100.0,10.135135135135135,YES,OK,OK,core_exact,1.0,2024,BPS - Pendataan Potensi Desa (Podes) 2024,3.781979380345152,-1.0936984870342767,-0.5941237707114454,-0.697108068220651,3,Relatif tinggi lintas indikator,17.49211411181506,NO
Bali,51,Kota Denpasar,5171,51.71,bali|kotadenpasar,Kota Denpasar,MultiPolygon,4,43,40,43,28,15,0,2,34,3,39,19,43,0,4,93.02325581395348,100.0,100.0,95.34883720930233,79.06976744186046,93.02325581395348,90.69767441860465,44.18604651162791,100.0,9.30232558139535,YES,OK,OK,core_exact,1.0,2024,BPS - Pendataan Potensi Desa (Podes) 2024,5.88516313033204,-3.1813721741813694,-1.407234006540687,-1.3924157267253556,3,Relatif tinggi lintas indikator,38.50151479412798,YES
Nusa Tenggara Barat,52,Lombok Barat,5201,52.01,nusatenggarabarat|lombokbarat,Kabupaten Lombok Barat,MultiPolygon,10,122,109,119,45,73,4,70,22,108,115,56,51,64,15,89.34426229508196,97.54098360655738,96.72131147540983,42.622950819672134,18.0327868852459,11.475409836065575,94.26229508196722,45.90163934426229,94.26229508196722,12.295081967213115,YES,OK,OK,core_exact,1.0,2024,BPS - Pendataan Potensi Desa (Podes) 2024,1.5098793961785901,0.7087743427967993,0.4430168941334689,0.3429116718089066,2,Menengah / transisi,4.847830126960763,NO
Nusa Tenggara Barat,52,Lombok Tengah,5202,52.02,nusatenggarabarat|lomboktengah,Kabupaten Lombok Tengah,MultiPolygon,12,154,132,153,53,101,0,78,23,135,154,73,71,80,10,85.71428571428571,99.35064935064936,100.0,49.350649350649356,14.935064935064934,12.337662337662337,100.0,47.4025974025974,98.05194805194806,6.493506493506493,YES,OK,OK,core_exact,1.0,2024,BPS - Pendataan Potensi Desa (Podes) 2024,1.6490495807153795,0.9517139920948959,0.3844537976937712,0.23120944311462788,2,Menengah / transisi,3.7450876089667293,NO
Nusa Tenggara Barat,52,Lombok Timur,5203,52.03,nusatenggarabarat|lomboktimur,Kabupaten Lombok Timur,MultiPolygon,21,254,209,249,127,123,4,93,30,218,239,122,106,144,13,82.28346456692913,98.03149606299213,98.4251968503937,63.38582677165354,11.811023622047244,14.173228346456689,94.09448818897637,48.031496062992126,98.4251968503937,5.118110236220472,YES,OK,OK,core_exact,1.0,2024,BPS - Pendataan Potensi Desa (Podes) 2024,1.6598255840166336,0.7032321843824987,0.35624696993741767,0.20038653096861536,2,Menengah / transisi,5.002509149704214,NO
Nusa Tenggara Barat,52,Sumbawa,5204,52.04,nusatenggarabarat|sumbawa,Kabupaten Sumbawa,MultiPolygon,24,165,140,155,120,44,1,143,13,139,158,66,36,99,2,84.84848484848484,93.93939393939394,99.39393939393939,13.33333333333333,7.878787878787878,15.75757575757576,95.75757575757575,40.0,81.81818181818183,1.2121212121212122,YES,OK,OK,core_exact,1.0,2024,BPS - Pendataan Potensi Desa (Podes) 2024,0.5796131326071235,1.2629192255383428,0.27744258952477296,0.530292809905059,2,Menengah / transisi,8.985774977710316,NO
Nusa Tenggara Barat,52,Dompu,5205,52.05,nusatenggarabarat|dompu,Kabupaten Dompu,MultiPolygon,8,81,62,79,68,10,3,64,8,71,72,25,46,33,5,76.5432098765432,97.53086419753086,96.29629629629629,20.98765432098766,9.876543209876543,12.345679012345679,88.88888888888889,30.864197530864196,97.53086419753086,6.172839506172839,YES,OK,OK,core_exact,1.0,2024,BPS - Pendataan Potensi Desa (Podes) 2024,0.3811014578388632,1.0790665071128662,-0.07095104218334922,0.5542563385216388,2,Menengah / transisi,3.8436406329214643,NO
Nusa Tenggara Barat,52,Bima,5206,52.06,nusatenggarabarat|bima,Kabupaten Bima,MultiPolygon,18,191,137,171,137,50,4,151,9,173,159,90,85,78,0,71.72774869109948,89.52879581151832,97.90575916230367,20.94240837696335,4.712041884816754,9.424083769633507,83.24607329842932,47.12041884816754,85.34031413612566,0.0,YES,OK,OK,core_exact_type,1.0,2024,BPS - Pendataan Potensi Desa (Podes) 2024,0.13772655497948622,1.1550548761285058,0.48230027016372745,0.1843422219295904,2,Menengah / transisi,4.196106191698538,NO
Nusa Tenggara Barat,52,Sumbawa Barat,5207,52.07,nusatenggarabarat|sumbawabarat,Kabupaten Sumbawa Barat,MultiPolygon,8,65,48,62,38,26,1,54,10,56,56,17,50,13,1,73.84615384615385,95.38461538461539,98.46153846153847,16.92307692307692,15.384615384615385,13.846153846153841,86.15384615384616,26.153846153846157,96.92307692307692,1.5384615384615385,YES,OK,OK,core_exact,1.0,2024,BPS - Pendataan Potensi Desa (Podes) 2024,0.34697673219746483,0.8679663439284696,-0.380276620898893,0.3757770374353656,2,Menengah / transisi,5.836202499508667,NO
Nusa Tenggara Barat,52,Lombok Utara,5208,52.08,nusatenggarabarat|lombokutara,Kabupaten Lombok Utara,MultiPolygon,5,43,40,43,29,14,0,24,10,37,40,35,17,26,4,93.02325581395348,100.0,100.0,44.18604651162791,23.25581395348837,13.953488372093027,93.02325581395348,81.3953488372093,100.0,9.30232558139535,YES,OK,OK,core_exact,1.0,2024,BPS - Pendataan Potensi Desa (Podes) 2024,2.4493006382175375,0.7910812230748034,1.5355635121281763,-0.09484706972352447,3,Relatif tinggi lintas indikator,10.854180733470827,NO
Nusa Tenggara Barat,52,Kota Mataram,5271,52.71,nusatenggarabarat|kotamataram,Kota Mataram,MultiPolygon,6,50,50,50,4,46,0,4,15,20,47,25,48,2,8,100.0,100.0,100.0,92.0,30.0,60.0,94.0,50.0,100.0,16.0,YES,OK,OK,core_exact,1.0,2024,BPS - Pendataan Potensi Desa (Podes) 2024,3.9309645460813147,-1.0382146011202078,-0.26512958654604474,0.04869914629314401,3,Relatif tinggi lintas indikator,6.166980282703704,NO
Nusa Tenggara Barat,52,Kota Bima,5272,52.72,nusatenggarabarat|kotabima,Kota Bima,MultiPolygon,5,41,36,41,29,12,0,28,6,30,39,18,27,10,1,87.8048780487805,100.0,100.0,31.707317073170728,14.634146341463413,26.82926829268293,95.1219512195122,43.90243902439025,90.2439024390244,2.4390243902439024,YES,OK,OK,core_exact_type,1.0,2024,BPS - Pendataan Potensi Desa (Podes) 2024,1.5380612554762116,0.7984005101780591,0.15556186827867083,0.4739885572649779,2,Menengah / transisi,4.436496992043402,NO
Nusa Tenggara Timur,53,Sumba Barat,5312,53.12,nusatenggaratimur|sumbabarat,Kabupaten Sumba Barat,MultiPolygon,6,74,28,56,17,53,4,62,6,67,24,2,17,34,1,37.83783783783784,75.67567567567568,94.5945945945946,16.216216216216218,8.108108108108109,9.459459459459463,32.432432432432435,2.7027027027027026,68.91891891891892,1.3513513513513513,YES,OK,OK,core_exact,1.0,2024,BPS - Pendataan Potensi Desa (Podes) 2024,-2.0070444720047123,-0.24538028474858353,-1.470559884785304,0.06988185732570447,1,Relatif rendah lintas indikator,6.370598747160193,NO
Nusa Tenggara Timur,53,Sumba Timur,5311,53.11,nusatenggaratimur|sumbatimur,Kabupaten Sumba Timur,MultiPolygon,22,200,115,153,122,78,0,154,6,191,109,41,22,64,5,57.49999999999999,76.5,100.0,23.0,3.0,4.5000000000000036,54.50000000000001,20.5,43.0,2.5,YES,OK,OK,core_exact,1.0,2024,BPS - Pendataan Potensi Desa (Podes) 2024,-1.1931121255951156,0.4144683330952086,-0.6491317050582365,0.1984524843242393,2,Menengah / transisi,4.221530441945327,NO
Nusa Tenggara Timur,53,Kupang,5301,53.01,nusatenggaratimur|kupang,Kabupaten Kupang,MultiPolygon,24,177,115,147,107,56,14,145,13,162,111,23,27,85,4,64.97175141242938,83.05084745762711,92.09039548022598,18.07909604519774,7.344632768361582,8.47457627118644,62.71186440677966,12.994350282485875,63.2768361581921,2.2598870056497176,YES,OK,OK,core_exact_type,1.0,2024,BPS - Pendataan Potensi Desa (Podes) 2024,-0.9393921097417816,0.32096186512204933,-0.6791514504707904,0.514253953176913,2,Menengah / transisi,3.4729259672219337,NO
Nusa Tenggara Timur,53,Timor Tengah Selatan,5302,53.02,nusatenggaratimur|timortengahselatan,Kab Timor Tengah Selatan,MultiPolygon,32,278,79,186,116,160,2,203,2,266,179,45,39,150,1,28.41726618705036,66.90647482014388,99.28057553956835,26.978417266187048,0.7194244604316548,4.316546762589923,64.38848920863309,16.18705035971223,67.98561151079137,0.3597122302158274,YES,OK,OK,core_exact,1.0,2024,BPS - Pendataan Potensi Desa (Podes) 2024,-1.8464545401806112,0.532349240255258,-1.0004361987751378,-0.9414224525065347,2,Menengah / transisi,6.8610863589756,NO
Nusa Tenggara Timur,53,Timor Tengah Utara,5303,53.03,nusatenggaratimur|timortengahutara,Kabupaten Timor Tengah Utara,Polygon,24,193,64,170,146,41,6,158,1,183,173,19,29,130,4,33.160621761658035,88.08290155440415,96.89119170984456,18.134715025906733,0.5181347150259068,5.181347150259064,89.63730569948186,9.844559585492227,82.38341968911918,2.072538860103627,YES,OK,OK,core_exact,1.0,2024,BPS - Pendataan Potensi Desa (Podes) 2024,-1.3258087276416248,1.4757455230719796,-1.0362290844077668,-0.41533981860942343,2,Menengah / transisi,4.697014870932547,NO
Nusa Tenggara Timur,53,Belu,5304,53.04,nusatenggaratimur|belu,Kabupaten Belu,Polygon,12,81,50,75,49,27,5,60,2,71,68,12,14,44,2,61.72839506172839,92.5925925925926,93.82716049382715,25.92592592592593,2.4691358024691357,12.345679012345679,83.9506172839506,14.814814814814813,71.60493827160494,2.4691358024691357,YES,OK,OK,core_exact,1.0,2024,BPS - Pendataan Potensi Desa (Podes) 2024,-0.45969057283458953,0.9815430083418512,-0.6635321194513539,0.4577367869188163,2,Menengah / transisi,2.843789064749364,NO
Nusa Tenggara Timur,53,Alor,5305,53.05,nusatenggaratimur|alor,Kabupaten Alor,MultiPolygon,18,175,105,168,96,66,13,114,3,162,142,43,48,63,2,60.0,96.0,92.57142857142857,34.857142857142854,1.7142857142857144,7.428571428571429,81.14285714285714,24.571428571428573,63.42857142857142,1.1428571428571428,YES,OK,OK,core_exact,1.0,2024,BPS - Pendataan Potensi Desa (Podes) 2024,-0.2740613852631673,1.0692452025784627,-0.2865256787653448,0.41805697047617296,2,Menengah / transisi,2.2167607633038275,NO
Nusa Tenggara Timur,53,Lembata,5313,53.13,nusatenggaratimur|lembata,Kabupaten Lembata,MultiPolygon,9,151,68,134,107,36,8,115,3,142,122,37,21,75,1,45.033112582781456,88.74172185430463,94.70198675496688,23.841059602649008,1.9867549668874174,5.960264900662249,80.79470198675497,24.503311258278146,63.576158940397356,0.6622516556291391,YES,OK,OK,core_exact,1.0,2024,BPS - Pendataan Potensi Desa (Podes) 2024,-0.8528244918968664,1.1769182132916856,-0.4265912896119151,-0.18168918437837517,2,Menengah / transisi,2.0198542333112375,NO
Nusa Tenggara Timur,53,Flores Timur,5306,53.06,nusatenggaratimur|florestimur,Kabupaten Flores Timur,MultiPolygon,19,250,99,231,104,142,4,216,7,237,233,82,35,160,3,39.6,92.4,98.4,13.600000000000001,2.8000000000000003,5.200000000000005,93.2,32.800000000000004,78.0,1.2,YES,OK,OK,core_exact,1.0,2024,BPS - Pendataan Potensi Desa (Podes) 2024,-0.7108522385817884,1.7604516765183773,-0.21529242288990133,-0.5093871166640743,2,Menengah / transisi,3.9273725608960612,NO
Nusa Tenggara Timur,53,Sikka,5307,53.07,nusatenggaratimur|sikka,Kabupaten Sikka,MultiPolygon,21,194,106,188,143,49,2,166,3,180,172,89,48,99,0,54.63917525773196,96.90721649484536,98.96907216494846,14.432989690721653,1.5463917525773196,7.216494845360821,88.65979381443299,45.876288659793815,75.77319587628865,0.0,YES,OK,OK,core_exact,1.0,2024,BPS - Pendataan Potensi Desa (Podes) 2024,-0.19406109221716483,1.7727727290962518,0.3314659101767647,-0.03682900796324719,2,Menengah / transisi,4.411777193641923,NO
Nusa Tenggara Timur,53,Ende,5308,53.08,nusatenggaratimur|ende,Kabupaten Ende,MultiPolygon,21,278,107,221,199,68,11,244,8,263,235,81,26,150,1,38.489208633093526,79.49640287769785,96.0431654676259,12.230215827338132,2.877697841726619,5.39568345323741,84.53237410071942,29.136690647482016,63.30935251798561,0.3597122302158274,YES,OK,OK,core_exact,1.0,2024,BPS - Pendataan Potensi Desa (Podes) 2024,-1.1941010769441762,1.2365658275498586,-0.29799279479730456,-0.7329154559410792,2,Menengah / transisi,4.027878446393474,NO
Nusa Tenggara Timur,53,Ngada,5309,53.09,nusatenggaratimur|ngada,Kabupaten Ngada,MultiPolygon,12,206,64,182,155,37,14,187,9,197,182,16,29,99,2,31.06796116504854,88.3495145631068,93.20388349514563,9.223300970873783,4.368932038834951,4.3689320388349495,88.3495145631068,7.766990291262135,62.13592233009708,0.9708737864077669,YES,OK,OK,core_exact,1.0,2024,BPS - Pendataan Potensi Desa (Podes) 2024,-1.4951360796594806,1.3921088063923606,-1.0297291452517368,-0.4704531659279667,2,Menengah / transisi,5.087369842395681,NO
Nusa Tenggara Timur,53,Manggarai,5310,53.10,nusatenggaratimur|manggarai,Kabupaten Manggarai,MultiPolygon,12,223,81,190,193,25,5,210,6,210,183,66,48,117,0,36.32286995515695,85.20179372197309,97.75784753363229,5.829596412556048,2.690582959641256,5.829596412556048,82.0627802690583,29.596412556053814,73.99103139013454,0.0,YES,OK,OK,core_exact,1.0,2024,BPS - Pendataan Potensi Desa (Podes) 2024,-1.2205262198078772,1.4587396984351533,-0.3477450975898785,-0.5769764025966235,2,Menengah / transisi,4.679496858253493,NO
Nusa Tenggara Timur,53,Rote Ndao,5314,53.14,nusatenggaratimur|rotendao,Kabupaten Rote Ndao,MultiPolygon,11,119,60,98,1,96,22,93,10,112,73,38,3,74,1,50.42016806722689,82.35294117647058,81.5126050420168,21.84873949579832,8.403361344537815,5.882352941176472,61.34453781512605,31.932773109243694,64.70588235294117,0.8403361344537815,YES,OK,OK,core_exact,1.0,2024,BPS - Pendataan Potensi Desa (Podes) 2024,-0.9984662402565714,0.2530183302355929,0.13016068469989525,-0.14411241809358113,2,Menengah / transisi,1.084959630144131,NO
Nusa Tenggara Timur,53,Manggarai Barat,5315,53.15,nusatenggaratimur|manggaraibarat,Kabupaten Manggarai Barat,MultiPolygon,12,169,82,158,121,42,6,141,6,157,125,20,37,66,0,48.5207100591716,93.49112426035504,96.44970414201184,16.568047337278102,3.5502958579881656,7.100591715976334,73.96449704142012,11.834319526627219,60.946745562130175,0.0,YES,OK,OK,core_exact,1.0,2024,BPS - Pendataan Potensi Desa (Podes) 2024,-1.008340957786778,1.1247538769171503,-0.9156828191541225,0.29816042614658395,2,Menengah / transisi,2.8347665945410654,NO
Nusa Tenggara Timur,53,Sumba Tengah,5317,53.17,nusatenggaratimur|sumbatengah,Kabupaten Sumba Tengah,MultiPolygon,6,65,29,35,10,26,29,53,4,61,32,24,12,22,0,44.61538461538462,53.84615384615385,55.38461538461539,18.461538461538463,6.153846153846154,6.153846153846154,49.23076923076923,36.92307692307693,52.307692307692314,0.0,YES,OK,OK,core_exact,1.0,2024,BPS - Pendataan Potensi Desa (Podes) 2024,-2.1917232762475,-1.0201097301210893,0.9837789622370153,-0.854311815310059,1,Relatif rendah lintas indikator,6.306997289257668,NO
Nusa Tenggara Timur,53,Sumba Barat Daya,5318,53.18,nusatenggaratimur|sumbabaratdaya,Kabupaten Sumba Barat Daya,MultiPolygon,11,175,50,139,53,104,18,157,4,166,64,103,25,98,0,28.57142857142857,79.42857142857143,89.71428571428571,10.285714285714286,2.2857142857142856,5.142857142857138,36.57142857142857,58.857142857142854,70.28571428571428,0.0,YES,OK,OK,core_exact,1.0,2024,BPS - Pendataan Potensi Desa (Podes) 2024,-1.5731592142323712,0.5545244381584766,0.6631530315881813,-0.6802975417768158,2,Menengah / transisi,14.714055605684692,NO
Nusa Tenggara Timur,53,Nagekeo,5316,53.16,nusatenggaratimur|nagekeo,Kabupaten Nagekeo,MultiPolygon,7,113,35,78,78,28,7,101,1,105,99,40,21,49,1,30.973451327433626,69.02654867256636,93.80530973451327,10.619469026548678,0.8849557522123894,7.079646017699115,87.61061946902655,35.39823008849557,61.94690265486725,0.8849557522123894,YES,OK,OK,core_exact,1.0,2024,BPS - Pendataan Potensi Desa (Podes) 2024,-1.485488471370315,1.1250018568413633,-0.06060420270995427,-1.3129515495651158,2,Menengah / transisi,8.195419379553183,NO
Nusa Tenggara Timur,53,Manggarai Timur,5319,53.19,nusatenggaratimur|manggaraitimur,Kabupaten Manggarai Timur,Polygon,12,176,93,144,118,52,6,163,5,167,115,12,11,81,0,52.84090909090909,81.81818181818183,96.5909090909091,7.386363636363635,2.840909090909091,5.113636363636365,65.3409090909091,6.8181818181818175,52.27272727272727,0.0,YES,OK,OK,core_exact,1.0,2024,BPS - Pendataan Potensi Desa (Podes) 2024,-1.561044824834491,0.7927656683729878,-1.002075514788537,0.32729392680554353,2,Menengah / transisi,4.834976440961029,NO
Nusa Tenggara Timur,53,Sabu Raijua,5320,53.20,nusatenggaratimur|saburaijua,Kabupaten Sabu Raijua,MultiPolygon,6,63,27,49,0,1,62,46,11,58,18,25,2,13,2,42.857142857142854,77.77777777777779,1.5873015873015872,26.984126984126988,17.46031746031746,7.936507936507942,28.57142857142857,39.682539682539684,23.809523809523807,3.1746031746031744,YES,OK,OK,core_exact,1.0,2024,BPS - Pendataan Potensi Desa (Podes) 2024,-2.0952023218646207,-2.3238818729760684,2.245316198530107,-0.06366518044048115,1,Relatif rendah lintas indikator,21.54761367439806,YES
Nusa Tenggara Timur,53,Malaka,5321,53.21,nusatenggaratimur|malaka,Kabupaten Malaka,Polygon,12,127,38,83,40,74,13,99,3,121,59,8,12,75,1,29.92125984251969,65.35433070866141,89.76377952755905,22.047244094488192,2.3622047244094486,4.7244094488189,46.45669291338583,6.299212598425196,68.50393700787401,0.7874015748031495,YES,OK,OK,core_exact,1.0,2024,BPS - Pendataan Potensi Desa (Podes) 2024,-2.3615407417979846,-0.08538844253417038,-1.1370050496484467,-0.5445204700885351,1,Relatif rendah lintas indikator,5.214708053430174,NO
Nusa Tenggara Timur,53,Kota Kupang,5371,53.71,nusatenggaratimur|kotakupang,Kota Kupang,Polygon,6,51,44,51,41,10,0,22,5,17,49,18,31,18,4,86.27450980392157,100.0,100.0,56.86274509803921,9.803921568627452,66.66666666666667,96.07843137254902,35.294117647058826,96.07843137254902,7.8431372549019605,YES,OK,OK,core_exact_type,1.0,2024,BPS - Pendataan Potensi Desa (Podes) 2024,2.3774300774462325,-0.10839551075340137,-0.6729506870490708,0.4806533850144895,3,Relatif tinggi lintas indikator,17.19110695467545,NO
Kalimantan Barat,61,Sambas,6101,61.01,kalimantanbarat|sambas,Kabupaten Sambas,MultiPolygon,19,195,146,188,113,29,53,148,18,176,181,72,53,129,18,74.87179487179488,96.41025641025641,72.82051282051282,24.102564102564106,9.230769230769232,9.743589743589743,92.82051282051282,36.92307692307693,93.33333333333333,9.230769230769232,YES,OK,OK,core_exact,1.0,2024,BPS - Pendataan Potensi Desa (Podes) 2024,0.1520365297967876,0.7249664132635198,0.7971073396228624,0.4446860492862448,2,Menengah / transisi,3.302530539583872,NO
Kalimantan Barat,61,Bengkayang,6107,61.07,kalimantanbarat|bengkayang,Kabupaten Bengkayang,MultiPolygon,17,124,77,69,61,31,32,110,5,115,108,19,17,40,4,62.096774193548384,55.64516129032258,74.19354838709677,11.290322580645162,4.032258064516129,7.258064516129037,87.09677419354838,15.32258064516129,45.96774193548387,3.225806451612903,YES,OK,OK,core_exact,1.0,2024,BPS - Pendataan Potensi Desa (Podes) 2024,-1.6998319534053445,-0.04983797074580644,0.05162835991836347,-0.5521482520455018,2,Menengah / transisi,14.498916659209602,NO
Kalimantan Barat,61,Landak,6108,61.08,kalimantanbarat|landak,Kabupaten Landak,Polygon,13,156,96,75,61,10,85,136,12,147,114,8,13,49,0,61.53846153846154,48.07692307692308,45.51282051282051,12.82051282051282,7.6923076923076925,5.769230769230771,73.07692307692307,5.128205128205128,39.743589743589745,0.0,YES,OK,OK,core_exact,1.0,2024,BPS - Pendataan Potensi Desa (Podes) 2024,-2.440913894004412,-1.22357281001575,0.40453448647731194,-0.43631565352307594,1,Relatif rendah lintas indikator,16.449434289127723,NO
Kalimantan Barat,61,Mempawah,6102,61.02,kalimantanbarat|mempawah,Kabupaten Mempawah,MultiPolygon,9,67,49,61,43,12,12,44,16,60,63,17,15,43,3,73.13432835820896,91.04477611940298,82.08955223880598,34.32835820895522,23.88059701492537,10.447761194029848,94.02985074626866,25.37313432835821,86.56716417910447,4.477611940298507,YES,OK,OK,core_exact,1.0,2024,BPS - Pendataan Potensi Desa (Podes) 2024,0.6144096179006983,0.17405018612918843,-0.03848685030851453,-0.08994983724605646,2,Menengah / transisi,6.624887891594275,NO
Kalimantan Barat,61,Sanggau,6103,61.03,kalimantanbarat|sanggau,Kabupaten Sanggau,Polygon,15,175,136,113,62,15,98,141,15,161,151,31,30,68,3,77.71428571428571,64.57142857142857,44.0,19.428571428571427,8.571428571428571,7.9999999999999964,86.28571428571429,17.71428571428571,56.00000000000001,1.7142857142857144,YES,OK,OK,core_exact,1.0,2024,BPS - Pendataan Potensi Desa (Podes) 2024,-1.3273976277534303,-0.7899055058528579,1.00093077736206,0.10213259619547627,2,Menengah / transisi,14.614355954875524,NO
Kalimantan Barat,61,Ketapang,6104,61.04,kalimantanbarat|ketapang,Kabupaten Ketapang,MultiPolygon,20,262,181,211,46,47,169,210,32,246,106,31,23,111,4,69.08396946564885,80.53435114503816,35.49618320610687,19.84732824427481,12.213740458015266,6.106870229007633,40.458015267175576,11.83206106870229,51.14503816793893,1.5267175572519083,YES,OK,OK,core_exact,1.0,2024,BPS - Pendataan Potensi Desa (Podes) 2024,-1.7869655259261206,-1.4368162089297623,0.7461952594774915,0.9907187182171663,1,Relatif rendah lintas indikator,7.804817832568723,NO
Kalimantan Barat,61,Sintang,6105,61.05,kalimantanbarat|sintang,Kabupaten Sintang,Polygon,14,407,216,264,42,54,311,371,19,392,167,76,41,135,0,53.07125307125307,64.86486486486487,23.587223587223587,8.845208845208841,4.668304668304668,3.6855036855036882,41.03194103194103,18.67321867321867,43.24324324324324,0.0,YES,OK,OK,core_exact,1.0,2024,BPS - Pendataan Potensi Desa (Podes) 2024,-2.878808877761306,-1.505103754618478,1.3148638299693698,0.27672799781284735,1,Relatif rendah lintas indikator,8.171247051129352,NO
Kalimantan Barat,61,Kapuas Hulu,6106,61.06,kalimantanbarat|kapuashulu,Kabupaten Kapuas Hulu,Polygon,23,282,181,169,91,22,169,258,17,266,195,67,19,89,23,64.18439716312056,59.9290780141844,40.0709219858156,8.510638297872342,6.028368794326241,5.6737588652482245,69.14893617021278,23.75886524822695,38.297872340425535,8.156028368794328,YES,OK,OK,core_exact,1.0,2024,BPS - Pendataan Potensi Desa (Podes) 2024,-2.104620014595782,-0.9114547752594971,1.2248128976715997,-0.12352115001258258,1,Relatif rendah lintas indikator,11.151718493398528,NO
Kalimantan Barat,61,Sekadau,6109,61.09,kalimantanbarat|sekadau,Kabupaten Sekadau,Polygon,7,94,62,60,19,14,61,79,7,87,70,10,12,35,0,65.95744680851064,63.829787234042556,35.1063829787234,15.957446808510634,7.446808510638298,7.446808510638303,74.46808510638297,10.638297872340425,50.0,0.0,YES,OK,OK,core_exact,1.0,2024,BPS - Pendataan Potensi Desa (Podes) 2024,-2.005747291855054,-1.077471511829378,0.8701890049169183,0.08896952694926903,1,Relatif rendah lintas indikator,11.738204996162631,NO
Kalimantan Barat,61,Melawi,6110,61.10,kalimantanbarat|melawi,Kabupaten Melawi,Polygon,11,169,126,140,28,41,100,154,13,164,89,6,9,65,0,74.55621301775149,82.84023668639054,40.828402366863905,8.875739644970416,7.6923076923076925,2.9585798816568087,52.662721893491124,3.5502958579881656,43.786982248520715,0.0,YES,OK,OK,core_exact,1.0,2024,BPS - Pendataan Potensi Desa (Podes) 2024,-1.9579383447836516,-0.8235722361819355,0.5224309406034113,1.2960945906902321,1,Relatif rendah lintas indikator,10.335119647535072,NO
Kalimantan Barat,61,Kayong Utara,6111,61.11,kalimantanbarat|kayongutara,Kabupaten Kayong Utara,MultiPolygon,6,43,37,41,22,5,16,33,5,38,38,22,4,31,1,86.04651162790698,95.34883720930233,62.7906976744186,23.25581395348837,11.627906976744185,11.627906976744185,88.37209302325581,51.162790697674424,81.3953488372093,2.3255813953488373,YES,OK,OK,core_exact,1.0,2024,BPS - Pendataan Potensi Desa (Podes) 2024,0.4581654806445896,0.33479828219110147,1.6149521188909477,0.5832770051573188,2,Menengah / transisi,6.901582584936527,NO
Kalimantan Barat,61,Kubu Raya,6112,61.12,kalimantanbarat|kuburaya,Kabupaten Kubu Raya,MultiPolygon,9,128,91,97,63,36,29,88,24,114,107,42,15,71,12,71.09375,75.78125,77.34375,31.25,18.75,10.9375,83.59375,32.8125,67.1875,9.375,YES,OK,OK,core_exact,1.0,2024,BPS - Pendataan Potensi Desa (Podes) 2024,0.005027574513491459,-0.24317682887619807,0.36948936835726087,-0.3776262678324954,2,Menengah / transisi,4.965814695189967,NO
Kalimantan Barat,61,Kota Pontianak,6171,61.71,kalimantanbarat|kotapontianak,Kota Pontianak,Polygon,6,29,29,29,7,22,0,5,12,5,23,14,20,9,3,100.0,100.0,100.0,82.75862068965517,41.37931034482759,82.75862068965517,79.3103448275862,48.275862068965516,100.0,10.344827586206897,YES,OK,OK,core_exact,1.0,2024,BPS - Pendataan Potensi Desa (Podes) 2024,4.348726587931046,-1.9521408674973968,-0.720992717363239,-0.02742350392173189,3,Relatif tinggi lintas indikator,9.857109644648453,NO
Kalimantan Barat,61,Kota Singkawang,6172,61.72,kalimantanbarat|kotasingkawang,Kota Singkawang,Polygon,5,26,21,26,17,8,1,9,3,18,22,12,7,15,1,80.76923076923077,100.0,96.15384615384616,65.38461538461539,11.538461538461538,30.76923076923077,84.61538461538461,46.15384615384615,84.61538461538461,3.8461538461538463,YES,OK,OK,core_exact,1.0,2024,BPS - Pendataan Potensi Desa (Podes) 2024,1.8309354879668678,0.21825645744253017,0.09932499026822804,0.35005342530068023,3,Relatif tinggi lintas indikator,4.202343413819795,NO
Kalimantan Tengah,62,Kotawaringin Barat,6201,62.01,kalimantantengah|kotawaringinbarat,Kabupaten Kotawaringin Barat,MultiPolygon,6,97,76,83,46,25,26,71,15,79,93,38,41,38,4,78.35051546391753,85.56701030927834,73.19587628865979,26.80412371134021,15.463917525773196,18.556701030927837,95.87628865979381,39.175257731958766,81.44329896907216,4.123711340206185,YES,OK,OK,core_exact,1.0,2024,BPS - Pendataan Potensi Desa (Podes) 2024,0.46837075543991236,0.1328021984900328,0.7542243537407431,-0.03882780322853083,2,Menengah / transisi,5.296075262912433,NO
Kalimantan Tengah,62,Kotawaringin Timur,6202,62.02,kalimantantengah|kotawaringintimur,Kabupaten Kotawaringin Timur,MultiPolygon,17,185,112,125,31,85,69,90,18,173,119,26,16,90,3,60.54054054054055,67.56756756756756,62.70270270270271,51.35135135135135,9.72972972972973,6.486486486486487,64.32432432432432,14.054054054054054,57.2972972972973,1.6216216216216217,YES,OK,OK,core_exact,1.0,2024,BPS - Pendataan Potensi Desa (Podes) 2024,-1.0684275552466123,-1.0170544229473388,0.022365612280763315,-0.16852586171089654,2,Menengah / transisi,5.394251257780389,NO
Kalimantan Tengah,62,Kapuas,6203,62.03,kalimantantengah|kapuas,Kabupaten Kapuas,MultiPolygon,17,231,122,172,26,93,112,130,9,222,162,47,30,141,2,52.81385281385281,74.45887445887446,51.515151515151516,43.72294372294372,3.896103896103896,3.8961038961038974,70.12987012987013,20.346320346320347,74.02597402597402,0.8658008658008658,YES,OK,OK,core_exact,1.0,2024,BPS - Pendataan Potensi Desa (Podes) 2024,-1.3985355509712685,-0.5693744793417507,0.5888499175248012,-0.11795751430814555,2,Menengah / transisi,4.438897310571834,NO
Kalimantan Tengah,62,Barito Selatan,6204,62.04,kalimantantengah|baritoselatan,Kabupaten Barito Selatan,Polygon,6,93,45,52,51,1,41,24,13,89,52,28,6,47,1,48.38709677419355,55.91397849462365,55.91397849462365,74.19354838709677,13.978494623655912,4.3010752688172005,55.91397849462365,30.107526881720432,56.98924731182796,1.0752688172043012,YES,OK,OK,core_exact,1.0,2024,BPS - Pendataan Potensi Desa (Podes) 2024,-0.9532614425678798,-1.7641573752890025,0.5450411547608626,-1.1155540065710519,1,Relatif rendah lintas indikator,17.493387210794236,NO
Kalimantan Tengah,62,Barito Utara,6205,62.05,kalimantantengah|baritoutara,Kabupaten Barito Utara,Polygon,9,103,60,77,43,30,30,59,9,99,67,13,12,37,0,58.252427184466015,74.75728155339806,70.87378640776699,42.71844660194175,8.737864077669903,3.8834951456310662,65.0485436893204,12.62135922330097,47.57281553398058,0.0,YES,OK,OK,core_exact,1.0,2024,BPS - Pendataan Potensi Desa (Podes) 2024,-1.0947429544137577,-0.4765179234461553,-0.20810785973722787,0.016330791223918655,2,Menengah / transisi,3.0845060910194473,NO
Kalimantan Tengah,62,Sukamara,6208,62.08,kalimantantengah|sukamara,Kabupaten Sukamara,Polygon,5,32,25,27,20,11,1,20,8,28,32,9,6,15,0,78.125,84.375,96.875,37.5,25.0,12.5,100.0,28.125,65.625,0.0,YES,OK,OK,core_exact,1.0,2024,BPS - Pendataan Potensi Desa (Podes) 2024,0.9932882401536962,0.28992428473312193,-0.3070501154176269,-0.3704424511856045,2,Menengah / transisi,9.613061948422954,NO
Kalimantan Tengah,62,Lamandau,6209,62.09,kalimantantengah|lamandau,Kabupaten Lamandau,Polygon,8,90,34,46,28,18,44,71,14,87,49,21,15,33,0,37.77777777777778,51.11111111111111,51.11111111111111,21.111111111111114,15.555555555555555,3.3333333333333326,54.44444444444444,23.333333333333332,53.333333333333336,0.0,YES,OK,OK,core_exact,1.0,2024,BPS - Pendataan Potensi Desa (Podes) 2024,-2.282212891753108,-1.3782673385958704,0.5188942020294506,-1.2563419299003424,1,Relatif rendah lintas indikator,7.862763145612193,NO
Kalimantan Tengah,62,Seruyan,6207,62.07,kalimantantengah|seruyan,Kabupaten Seruyan,Polygon,10,100,78,71,58,24,18,69,8,94,53,20,10,42,0,78.0,71.0,82.0,31.000000000000007,8.0,6.000000000000005,53.0,20.0,52.0,0.0,YES,OK,OK,core_exact,1.0,2024,BPS - Pendataan Potensi Desa (Podes) 2024,-0.8991713880654739,-0.5232276739047795,-0.07408637393720308,0.5557340496541303,2,Menengah / transisi,5.8433351177509785,NO
Kalimantan Tengah,62,Katingan,6206,62.06,kalimantantengah|katingan,Kabupaten Katingan,MultiPolygon,13,161,93,116,75,60,26,123,20,154,62,13,14,74,0,57.7639751552795,72.04968944099379,83.85093167701864,23.60248447204969,12.422360248447205,4.347826086956519,38.50931677018634,8.074534161490684,54.6583850931677,0.0,YES,OK,OK,core_exact,1.0,2024,BPS - Pendataan Potensi Desa (Podes) 2024,-1.5622750762965556,-0.6674509978594381,-0.7810822629750639,0.2839946525216998,1,Relatif rendah lintas indikator,5.482433653966456,NO
Kalimantan Tengah,62,Pulang Pisau,6211,62.11,kalimantantengah|pulangpisau,Kabupaten Pulang Pisau,Polygon,8,99,63,89,64,20,15,47,1,94,89,22,12,72,0,63.63636363636363,89.8989898989899,84.84848484848484,52.52525252525253,1.0101010101010102,5.05050505050505,89.8989898989899,22.22222222222222,84.84848484848484,0.0,YES,OK,OK,core_exact,1.0,2024,BPS - Pendataan Potensi Desa (Podes) 2024,-0.13964756012689009,0.7342341932591511,-0.11209187617365465,0.23572293451489096,2,Menengah / transisi,5.574241880687036,NO
Kalimantan Tengah,62,Gunung Mas,6210,62.10,kalimantantengah|gunungmas,Kabupaten Gunung Mas,Polygon,12,128,84,67,35,22,71,106,11,121,81,16,10,42,1,65.625,52.34375,44.53125,17.1875,8.59375,5.46875,63.28125,12.5,40.625,0.78125,YES,OK,OK,core_exact,1.0,2024,BPS - Pendataan Potensi Desa (Podes) 2024,-2.1964417353384067,-1.3663754136709354,0.6667754246554539,-0.1911537509353503,1,Relatif rendah lintas indikator,11.685820175584759,NO
Kalimantan Tengah,62,Barito Timur,6213,62.13,kalimantantengah|baritotimur,Kabupaten Barito Timur,Polygon,10,103,56,72,23,36,44,37,2,101,96,17,59,17,0,54.36893203883495,69.90291262135922,57.28155339805825,64.07766990291262,1.9417475728155338,1.9417475728155331,93.20388349514563,16.50485436893204,73.7864077669903,0.0,YES,OK,OK,core_exact,1.0,2024,BPS - Pendataan Potensi Desa (Podes) 2024,-0.9397498125511297,-0.3375820713481829,0.372616654171544,-0.5314514855482656,2,Menengah / transisi,13.537846932952572,NO
Kalimantan Tengah,62,Murung Raya,6212,62.12,kalimantantengah|murungraya,Kabupaten Murung Raya,Polygon,10,125,51,68,49,16,60,104,6,122,36,16,7,38,0,40.8,54.400000000000006,52.0,16.800000000000004,4.8,2.400000000000002,28.799999999999997,12.8,36.0,0.0,YES,OK,OK,core_exact,1.0,2024,BPS - Pendataan Potensi Desa (Podes) 2024,-3.0422706032578017,-1.4326521214370493,0.1893659203752223,-0.2744585349611434,1,Relatif rendah lintas indikator,4.44758962405066,NO
Kalimantan Tengah,62,Kota Palangka Raya,6271,62.71,kalimantantengah|kotapalangkaraya,Kota Palangkaraya,Polygon,5,30,23,26,11,8,11,16,7,22,22,11,6,17,0,76.66666666666667,86.66666666666667,63.33333333333333,46.666666666666664,23.333333333333332,26.66666666666667,73.33333333333333,36.666666666666664,76.66666666666667,0.0,YES,OK,OK,fuzzy,0.96,2024,BPS - Pendataan Potensi Desa (Podes) 2024,0.769415450058184,-1.0586128267926564,0.5982249163065655,0.03756690262628801,2,Menengah / transisi,2.4624390612233236,NO
Kalimantan Selatan,63,Tanah Laut,6301,63.01,kalimantanselatan|tanahlaut,Kabupaten Tanah Laut,MultiPolygon,11,135,100,126,49,23,63,60,9,120,126,34,40,81,5,74.07407407407408,93.33333333333333,53.333333333333336,55.55555555555556,6.666666666666667,11.111111111111116,93.33333333333333,25.185185185185183,89.62962962962962,3.7037037037037033,YES,OK,OK,core_exact,1.0,2024,BPS - Pendataan Potensi Desa (Podes) 2024,0.11993514014330223,-0.12389813318453079,0.8100427228104319,0.5012147655009613,2,Menengah / transisi,7.159594960402986,NO
Kalimantan Selatan,63,Kotabaru,6302,63.02,kalimantanselatan|kotabaru,Kabupaten Kotabaru,MultiPolygon,22,202,116,140,96,26,80,114,9,190,104,45,14,117,1,57.42574257425742,69.3069306930693,60.396039603960396,43.56435643564357,4.455445544554455,5.940594059405946,51.48514851485149,22.277227722772277,64.85148514851485,0.49504950495049505,YES,OK,OK,core_exact,1.0,2024,BPS - Pendataan Potensi Desa (Podes) 2024,-1.4393255736603656,-0.9178768206943763,0.37653907951838794,0.04670778665860169,1,Relatif rendah lintas indikator,3.8956513047140393,NO
Kalimantan Selatan,63,Banjar,6303,63.03,kalimantanselatan|banjar,Kabupaten Banjar,Polygon,20,290,150,258,90,87,113,151,10,272,236,83,52,201,8,51.724137931034484,88.96551724137932,61.03448275862069,47.93103448275862,3.4482758620689653,6.206896551724139,81.37931034482759,28.620689655172416,87.24137931034483,2.7586206896551726,YES,OK,OK,core_exact,1.0,2024,BPS - Pendataan Potensi Desa (Podes) 2024,-0.6426060728563758,0.15985003076643864,0.5885984611723019,-0.04355622405507209,2,Menengah / transisi,4.918568069488433,NO
Kalimantan Selatan,63,Barito Kuala,6304,63.04,kalimantanselatan|baritokuala,Kabupaten Barito Kuala,Polygon,17,201,76,182,72,42,87,123,2,193,198,75,23,155,2,37.81094527363184,90.54726368159204,56.71641791044776,38.80597014925373,0.9950248756218906,3.9800995024875663,98.50746268656717,37.3134328358209,88.55721393034825,0.9950248756218906,YES,OK,OK,core_exact,1.0,2024,BPS - Pendataan Potensi Desa (Podes) 2024,-0.8392130780921749,0.7838164088046178,1.0113930129672668,-0.6271646756615809,2,Menengah / transisi,8.453258306107664,NO
Kalimantan Selatan,63,Tapin,6305,63.05,kalimantanselatan|tapin,Kabupaten Tapin,Polygon,12,135,68,111,61,35,39,90,5,120,103,29,23,91,0,50.37037037037037,82.22222222222221,71.11111111111111,33.333333333333336,3.7037037037037033,11.111111111111116,76.29629629629629,21.48148148148148,84.44444444444444,0.0,YES,OK,OK,core_exact,1.0,2024,BPS - Pendataan Potensi Desa (Podes) 2024,-0.9926787685063506,0.14775198516695354,0.038470937637350586,-0.11213140508461833,2,Menengah / transisi,1.3957388584878827,NO
Kalimantan Selatan,63,Hulu Sungai Selatan,6306,63.06,kalimantanselatan|hulusungaiselatan,Kabupaten Hulu Sungai Selatan,Polygon,11,148,66,141,52,84,12,104,7,138,146,56,57,75,2,44.5945945945946,95.27027027027027,91.8918918918919,29.729729729729726,4.72972972972973,6.756756756756754,98.64864864864865,37.83783783783784,89.1891891891892,1.3513513513513513,YES,OK,OK,core_exact,1.0,2024,BPS - Pendataan Potensi Desa (Podes) 2024,-0.1495036508958817,1.5174915508632396,0.10531342029128866,-0.5185271561900192,2,Menengah / transisi,2.890254831858078,NO
Kalimantan Selatan,63,Hulu Sungai Tengah,6307,63.07,kalimantanselatan|hulusungaitengah,Kabupaten Hulu Sungai Tengah,Polygon,11,169,78,147,69,85,15,109,13,159,147,48,38,105,6,46.15384615384615,86.98224852071006,91.12426035502959,35.502958579881664,7.6923076923076925,5.917159763313606,86.98224852071006,28.402366863905325,84.61538461538461,3.5502958579881656,YES,OK,OK,core_exact,1.0,2024,BPS - Pendataan Potensi Desa (Podes) 2024,-0.4065196127236963,0.8814670924864441,-0.2523744430989297,-0.521486427759834,2,Menengah / transisi,1.7401268009431592,NO
Kalimantan Selatan,63,Hulu Sungai Utara,6308,63.08,kalimantanselatan|hulusungaiutara,Kabupaten Hulu Sungai Utara,Polygon,10,219,50,214,89,130,0,169,3,206,185,78,87,132,6,22.831050228310502,97.71689497716895,100.0,22.831050228310502,1.36986301369863,5.936073059360735,84.47488584474885,35.61643835616438,100.0,2.73972602739726,YES,OK,OK,core_exact,1.0,2024,BPS - Pendataan Potensi Desa (Podes) 2024,-0.7933741276241235,1.8200046288779876,-0.38690470259225734,-0.7506563738112179,2,Menengah / transisi,8.543793442124239,NO
Kalimantan Selatan,63,Tabalong,6309,63.09,kalimantanselatan|tabalong,Kabupaten Tabalong,Polygon,12,131,81,117,61,51,19,62,12,117,112,52,15,96,2,61.832061068702295,89.31297709923665,85.49618320610686,52.67175572519084,9.16030534351145,10.687022900763354,85.49618320610686,39.69465648854962,84.7328244274809,1.5267175572519083,YES,OK,OK,core_exact,1.0,2024,BPS - Pendataan Potensi Desa (Podes) 2024,0.4155270605502196,0.42973614082210243,0.3044677584506883,-0.22970800454781964,2,Menengah / transisi,2.720450208088823,NO
Kalimantan Selatan,63,Tanah Bumbu,6310,63.10,kalimantanselatan|tanahbumbu,Kabupaten Tanah Bumbu,MultiPolygon,12,157,102,142,81,53,23,77,13,138,140,56,53,80,4,64.96815286624204,90.44585987261146,85.35031847133759,50.955414012738856,8.280254777070063,12.101910828025474,89.171974522293,35.6687898089172,84.71337579617835,2.547770700636943,YES,OK,OK,core_exact,1.0,2024,BPS - Pendataan Potensi Desa (Podes) 2024,0.43534821317695543,0.4940927942608755,0.20626100070335415,-0.07883107985636018,2,Menengah / transisi,2.1330876673418455,NO
Kalimantan Selatan,63,Balangan,6311,63.11,kalimantanselatan|balangan,Kabupaten Balangan,Polygon,8,156,52,143,33,116,7,124,4,147,122,33,35,91,4,33.33333333333333,91.66666666666666,95.51282051282051,20.512820512820518,2.564102564102564,5.769230769230771,78.2051282051282,21.153846153846153,80.76923076923077,2.564102564102564,YES,OK,OK,core_exact,1.0,2024,BPS - Pendataan Potensi Desa (Podes) 2024,-1.103427840817167,1.3034089132368796,-0.6825687759480955,-0.35233065048899465,2,Menengah / transisi,3.4589344745189723,NO
Kalimantan Selatan,63,Kota Banjarmasin,6371,63.71,kalimantanselatan|kotabanjarmasin,Kota Banjarmasin,Polygon,5,52,48,52,39,13,0,6,25,20,48,16,39,13,4,92.3076923076923,100.0,100.0,88.46153846153845,48.07692307692308,61.53846153846154,92.3076923076923,30.76923076923077,100.0,7.6923076923076925,YES,OK,OK,core_exact,1.0,2024,BPS - Pendataan Potensi Desa (Podes) 2024,4.016204719995487,-1.6575918120199304,-1.1890360873687624,-0.3550383842546101,3,Relatif tinggi lintas indikator,11.310095478022225,NO
Kalimantan Selatan,63,Kota Banjarbaru,6372,63.72,kalimantanselatan|kotabanjarbaru,Kota Banjarbaru,Polygon,5,20,20,20,18,2,0,0,6,7,19,9,0,20,2,100.0,100.0,100.0,100.0,30.0,65.0,95.0,45.0,100.0,10.0,YES,OK,OK,core_exact,1.0,2024,BPS - Pendataan Potensi Desa (Podes) 2024,4.088565722636135,-1.2372562737851787,-0.5231910058021282,0.05934511365553566,3,Relatif tinggi lintas indikator,8.562711874447258,NO
Kalimantan Timur,64,Paser,6401,64.01,kalimantantimur|paser,Kabupaten Paser,MultiPolygon,10,144,108,98,45,11,88,57,7,129,122,49,18,79,12,75.0,68.05555555555556,38.88888888888889,60.41666666666667,4.861111111111112,10.416666666666663,84.72222222222221,34.02777777777778,67.36111111111111,8.333333333333332,YES,OK,OK,core_exact,1.0,2024,BPS - Pendataan Potensi Desa (Podes) 2024,-0.5062426766763787,-1.1336135449261735,1.5341895817197055,-0.11495397588570498,2,Menengah / transisi,13.298841359500896,NO
Kalimantan Timur,64,Kutai Barat,6407,64.07,kalimantantimur|kutaibarat,Kabupaten Kutai Barat,Polygon,16,194,103,146,47,36,111,116,12,176,114,58,20,83,2,53.09278350515464,75.25773195876289,42.78350515463917,40.20618556701031,6.185567010309279,9.278350515463918,58.76288659793815,29.896907216494846,53.09278350515464,1.0309278350515463,YES,OK,OK,core_exact,1.0,2024,BPS - Pendataan Potensi Desa (Podes) 2024,-1.359273714346679,-0.994584244691061,1.0455199474631163,-0.07300006215654638,1,Relatif rendah lintas indikator,4.599761377489698,NO
Kalimantan Timur,64,Kutai Kartanegara,6402,64.02,kalimantantimur|kutaikartanegara,Kabupaten Kutai Kartanegara,MultiPolygon,20,240,178,204,70,55,115,85,25,200,203,100,43,156,12,74.16666666666667,85.0,52.083333333333336,64.58333333333333,10.416666666666668,16.666666666666664,84.58333333333333,41.66666666666667,82.91666666666667,5.0,YES,OK,OK,core_exact,1.0,2024,BPS - Pendataan Potensi Desa (Podes) 2024,0.4710887043365307,-0.7265606697243343,1.2697844863393584,0.02708868416289534,2,Menengah / transisi,7.34827118634295,NO
Kalimantan Timur,64,Kutai Timur,6408,64.08,kalimantantimur|kutaitimur,Kabupaten Kutai Timur,MultiPolygon,18,152,118,128,37,81,34,88,15,124,110,60,20,74,7,77.63157894736842,84.21052631578947,77.63157894736842,42.10526315789473,9.868421052631579,18.42105263157895,72.36842105263158,39.473684210526315,61.8421052631579,4.605263157894736,YES,OK,OK,core_exact,1.0,2024,BPS - Pendataan Potensi Desa (Podes) 2024,0.3044566476845022,-0.23283374766866327,0.560480158526795,0.29895243059221965,2,Menengah / transisi,1.6858998183957654,NO
Kalimantan Timur,64,Berau,6403,64.03,kalimantantimur|berau,Kabupaten Berau,MultiPolygon,13,110,87,85,27,54,29,92,10,89,76,70,23,50,10,79.0909090909091,77.27272727272727,73.63636363636363,16.36363636363637,9.090909090909092,19.090909090909093,69.0909090909091,63.63636363636363,66.36363636363637,9.090909090909092,YES,OK,OK,core_exact,1.0,2024,BPS - Pendataan Potensi Desa (Podes) 2024,0.03453458491876871,-0.08741054138293058,1.61180120754231,0.0020646500977648404,2,Menengah / transisi,9.983740975324812,NO
Kalimantan Timur,64,Penajam Paser Utara,6409,64.09,kalimantantimur|penajampaserutara,Kabupaten Penajam Paser Utara,MultiPolygon,4,54,46,53,33,8,13,16,16,40,45,26,10,41,2,85.18518518518519,98.14814814814815,75.92592592592592,70.37037037037037,29.629629629629626,25.92592592592593,83.33333333333334,48.148148148148145,94.44444444444444,3.7037037037037033,YES,OK,OK,core_exact,1.0,2024,BPS - Pendataan Potensi Desa (Podes) 2024,2.190609530136043,-0.7832000202140382,0.6262923619886378,0.010871540663316926,3,Relatif tinggi lintas indikator,5.658153964795185,NO
Kalimantan Timur,64,Mahakam Ulu,6411,64.11,kalimantantimur|mahakamulu,Kabupaten Mahakam Ulu,Polygon,5,50,31,42,28,11,11,48,1,43,4,5,0,21,0,62.0,84.0,78.0,4.0000000000000036,2.0,14.000000000000002,8.0,10.0,42.0,0.0,YES,OK,OK,core_exact,1.0,2024,BPS - Pendataan Potensi Desa (Podes) 2024,-2.130850795827083,-0.6841322842910472,-0.5904976151767416,1.5153167251738957,1,Relatif rendah lintas indikator,10.5249442311152,NO
Kalimantan Timur,64,Kota Balikpapan,6471,64.71,kalimantantimur|kotabalikpapan,Kota Balikpapan,MultiPolygon,6,34,34,34,33,1,0,1,13,6,29,12,31,3,0,100.0,100.0,100.0,97.05882352941177,38.23529411764706,82.35294117647058,85.29411764705883,35.294117647058826,100.0,0.0,YES,OK,OK,core_exact,1.0,2024,BPS - Pendataan Potensi Desa (Podes) 2024,4.346513885248442,-1.9952054695209624,-1.1681536509539774,0.0865452291962466,3,Relatif tinggi lintas indikator,10.802356130735921,NO
Kalimantan Timur,64,Kota Samarinda,6472,64.72,kalimantantimur|kotasamarinda,Kota Samarinda,Polygon,10,59,53,59,44,15,0,3,19,20,51,22,34,24,4,89.83050847457628,100.0,100.0,94.91525423728814,32.20338983050847,66.10169491525424,86.4406779661017,37.28813559322034,98.30508474576271,6.779661016949152,YES,OK,OK,core_exact,1.0,2024,BPS - Pendataan Potensi Desa (Podes) 2024,3.701761999152976,-1.393367789346025,-0.9350824781325695,-0.04581402643049181,3,Relatif tinggi lintas indikator,7.839017478292013,NO
Kalimantan Timur,64,Kota Bontang,6474,64.74,kalimantantimur|kotabontang,Kota Bontang,MultiPolygon,3,15,15,15,11,4,0,1,4,3,14,12,8,7,2,100.0,100.0,100.0,93.33333333333333,26.666666666666668,80.0,93.33333333333333,80.0,100.0,13.333333333333334,YES,OK,OK,core_exact,1.0,2024,BPS - Pendataan Potensi Desa (Podes) 2024,4.677004412011357,-1.1453202752600111,0.5659403134597698,-0.29557505864242284,3,Relatif tinggi lintas indikator,17.15892483660647,NO
Kalimantan Utara,65,Malinau,6502,65.02,kalimantanutara|malinau,Kabupaten Malinau,MultiPolygon,15,109,75,40,5,34,70,78,12,102,25,33,10,44,4,68.80733944954129,36.69724770642202,35.77981651376147,28.44036697247706,11.009174311926607,6.422018348623848,22.93577981651376,30.275229357798167,49.54128440366973,3.669724770642202,YES,OK,OK,core_exact,1.0,2024,BPS - Pendataan Potensi Desa (Podes) 2024,-2.46431898111416,-2.7759418061536394,1.365477837145905,-0.2941364633437176,1,Relatif rendah lintas indikator,16.16545495322394,NO
Kalimantan Utara,65,Bulungan,6501,65.01,kalimantanutara|bulungan,Kabupaten Bulungan,MultiPolygon,10,81,56,75,42,33,6,58,7,69,38,24,23,38,2,69.1358024691358,92.5925925925926,92.5925925925926,28.395061728395067,8.641975308641975,14.814814814814813,46.913580246913575,29.629629629629626,75.30864197530865,2.4691358024691357,YES,OK,OK,core_exact,1.0,2024,BPS - Pendataan Potensi Desa (Podes) 2024,-0.2562751223455579,0.08574982194169531,-0.2656236539865304,0.8248013734966294,2,Menengah / transisi,3.4240237390059236,NO
Kalimantan Utara,65,Tana Tidung,6504,65.04,kalimantanutara|tanatidung,Kabupaten Tana Tidung,MultiPolygon,5,32,20,29,12,12,8,30,2,28,9,15,2,22,0,62.5,90.625,75.0,6.25,6.25,12.5,28.125,46.875,75.0,0.0,YES,OK,OK,core_exact,1.0,2024,BPS - Pendataan Potensi Desa (Podes) 2024,-1.0680911245390157,-0.12462520721380387,0.8095613744511662,0.8443324951945036,2,Menengah / transisi,9.715080005241106,NO
Kalimantan Utara,65,Nunukan,6503,65.03,kalimantanutara|nunukan,Kabupaten Nunukan,MultiPolygon,21,242,98,160,43,66,133,207,17,224,60,56,20,95,34,40.49586776859504,66.11570247933885,45.04132231404959,14.462809917355369,7.024793388429752,7.438016528925617,24.793388429752067,23.140495867768596,47.5206611570248,14.049586776859504,YES,OK,OK,core_exact,1.0,2024,BPS - Pendataan Potensi Desa (Podes) 2024,-2.661719060667575,-1.4197083078175785,0.6289871156406952,-0.05226699964297777,1,Relatif rendah lintas indikator,4.970274520033927,NO
Kalimantan Utara,65,Kota Tarakan,6571,65.71,kalimantanutara|kotatarakan,Kota Tarakan,MultiPolygon,4,20,20,20,3,17,0,4,6,5,13,15,14,6,3,100.0,100.0,100.0,80.0,30.0,75.0,65.0,75.0,100.0,15.0,YES,OK,OK,core_exact,1.0,2024,BPS - Pendataan Potensi Desa (Podes) 2024,4.064663663711664,-1.5281805254419236,0.3688959278464855,0.1467208071779057,3,Relatif tinggi lintas indikator,13.493080531842242,NO
Sulawesi Utara,71,Bolaang Mongondow,7101,71.01,sulawesiutara|bolaangmongondow,Kabupaten Bolaang Mongondow,MultiPolygon,15,202,91,196,163,37,2,177,6,194,197,25,79,114,0,45.04950495049505,97.02970297029702,99.00990099009901,12.376237623762377,2.9702970297029703,3.960396039603964,97.52475247524752,12.376237623762377,95.54455445544554,0.0,YES,OK,OK,core_exact,1.0,2024,BPS - Pendataan Potensi Desa (Podes) 2024,-0.8313009327298346,1.8316287047966333,-0.866202340870957,-0.010713877653671065,2,Menengah / transisi,4.957872364425713,NO
Sulawesi Utara,71,Minahasa,7102,71.02,sulawesiutara|minahasa,Kabupaten Minahasa,MultiPolygon,25,270,123,264,147,120,3,244,7,252,238,72,119,135,7,45.55555555555556,97.77777777777777,98.88888888888889,9.629629629629633,2.5925925925925926,6.666666666666665,88.14814814814815,26.666666666666668,94.07407407407408,2.5925925925925926,YES,OK,OK,core_exact,1.0,2024,BPS - Pendataan Potensi Desa (Podes) 2024,-0.6987938159103702,1.761252336979232,-0.4127778723414786,-0.014850806102095864,2,Menengah / transisi,3.997396870604135,NO
Sulawesi Utara,71,Kepulauan Sangihe,7103,71.03,sulawesiutara|kepulauansangihe,Kabupaten Kepulauan Sangihe,MultiPolygon,15,167,40,147,102,50,15,138,11,162,145,36,10,74,3,23.952095808383234,88.02395209580838,91.01796407185628,17.365269461077848,6.58682634730539,2.9940119760479056,86.82634730538922,21.55688622754491,50.29940119760479,1.7964071856287425,YES,OK,OK,core_exact,1.0,2024,BPS - Pendataan Potensi Desa (Podes) 2024,-1.2640887422943556,1.309913303953514,-0.5956657681222354,-0.9213440597245832,2,Menengah / transisi,4.5545996665721065,NO
Sulawesi Utara,71,Kepulauan Talaud,7104,71.04,sulawesiutara|kepulauantalaud,Kabupaten Kepulauan Talaud,MultiPolygon,19,153,51,145,79,58,16,133,5,146,129,43,8,86,5,33.33333333333333,94.77124183006535,89.54248366013073,13.0718954248366,3.2679738562091507,4.575163398692805,84.31372549019608,28.104575163398692,61.43790849673203,3.2679738562091507,YES,OK,OK,core_exact,1.0,2024,BPS - Pendataan Potensi Desa (Podes) 2024,-1.0640528821007822,1.4992538828339266,-0.23026666663882073,-0.4026096148280238,2,Menengah / transisi,3.736354374436395,NO
Sulawesi Utara,71,Minahasa Selatan,7105,71.05,sulawesiutara|minahasaselatan,Kabupaten Minahasa Selatan,MultiPolygon,17,178,76,172,138,34,6,154,5,167,143,69,37,116,5,42.69662921348314,96.62921348314607,96.62921348314607,13.48314606741573,2.8089887640449436,6.17977528089888,80.33707865168539,38.764044943820224,85.95505617977528,2.8089887640449436,YES,OK,OK,core_exact,1.0,2024,BPS - Pendataan Potensi Desa (Podes) 2024,-0.6323916610254944,1.600426228341098,0.00760790990346235,-0.18945107623540983,2,Menengah / transisi,3.959662577935017,NO
Sulawesi Utara,71,Minahasa Utara,7106,71.06,sulawesiutara|minahasautara,Kabupaten Minahasa Utara,MultiPolygon,10,131,90,118,83,48,0,115,5,121,117,39,28,85,4,68.70229007633588,90.07633587786259,100.0,12.213740458015266,3.816793893129771,7.633587786259543,89.31297709923665,29.770992366412212,86.25954198473282,3.0534351145038165,YES,OK,OK,core_exact,1.0,2024,BPS - Pendataan Potensi Desa (Podes) 2024,-0.2897587422711043,1.393181490372601,-0.12792243208293214,0.3109199316325236,2,Menengah / transisi,5.367585395521837,NO
Sulawesi Utara,71,Bolaang Mongondow Utara,7108,71.08,sulawesiutara|bolaangmongondowutara,Kabupaten Bolaang Mongondow Utara,MultiPolygon,6,107,30,98,27,64,16,94,2,100,90,17,34,65,1,28.037383177570092,91.58878504672897,85.04672897196261,12.149532710280376,1.8691588785046727,6.542056074766355,84.11214953271028,15.887850467289718,92.5233644859813,0.9345794392523363,YES,OK,OK,core_exact,1.0,2024,BPS - Pendataan Potensi Desa (Podes) 2024,-1.4959954403697335,1.3026711383215097,-0.5889152606442329,-0.42602544083871696,2,Menengah / transisi,4.526786905018283,NO
Sulawesi Utara,71,Siau Tagulandang Biaro,7109,71.09,sulawesiutara|siautagulandangbiaro,Kabupaten Kep. Siau Tagulandang Biaro,MultiPolygon,10,91,26,75,66,15,10,85,4,86,84,14,14,48,5,28.57142857142857,82.41758241758241,89.01098901098901,6.593406593406592,4.395604395604396,5.494505494505497,92.3076923076923,15.384615384615385,68.13186813186813,5.4945054945054945,YES,OK,OK,fuzzy,0.8148148148148148,2024,BPS - Pendataan Potensi Desa (Podes) 2024,-1.5684787535105815,1.3052426405048005,-0.6570443838792959,-0.8462169395709058,2,Menengah / transisi,5.6577261073051055,NO
Sulawesi Utara,71,Minahasa Tenggara,7107,71.07,sulawesiutara|minahasatenggara,Kabupaten Minahasa Tenggara,MultiPolygon,12,144,41,136,65,72,7,128,5,137,114,21,35,98,2,28.47222222222222,94.44444444444444,95.13888888888889,11.111111111111116,3.4722222222222223,4.861111111111116,79.16666666666666,14.583333333333334,92.36111111111111,1.3888888888888888,YES,OK,OK,core_exact,1.0,2024,BPS - Pendataan Potensi Desa (Podes) 2024,-1.3741903537717222,1.4739626110973951,-0.9144086438628211,-0.3194274874369277,2,Menengah / transisi,4.861920461224535,NO
Sulawesi Utara,71,Bolaang Mongondow Selatan,7111,71.11,sulawesiutara|bolaangmongondowselatan,Kabupaten Bolaang Mongondow Selatan,MultiPolygon,7,81,38,77,76,2,3,64,0,78,75,15,21,45,0,46.913580246913575,95.06172839506173,96.29629629629629,20.98765432098766,0.0,3.703703703703709,92.5925925925926,18.51851851851852,81.48148148148148,0.0,YES,OK,OK,core_exact,1.0,2024,BPS - Pendataan Potensi Desa (Podes) 2024,-0.785933589988358,1.657519292306824,-0.5741878320893461,0.0291491172334967,2,Menengah / transisi,3.2408175016596603,NO
Sulawesi Utara,71,Bolaang Mongondow Timur,7110,71.10,sulawesiutara|bolaangmongondowtimur,Kabupaten Bolaang Mongondow Timur,MultiPolygon,7,81,26,75,67,14,0,72,3,72,62,14,14,61,0,32.098765432098766,92.5925925925926,100.0,11.111111111111116,3.7037037037037033,11.111111111111116,76.5432098765432,17.28395061728395,92.5925925925926,0.0,YES,OK,OK,core_exact,1.0,2024,BPS - Pendataan Potensi Desa (Podes) 2024,-1.1548287992605248,1.3516689977558871,-0.9990043478067399,-0.30738918588568415,2,Menengah / transisi,5.0872662351563065,NO
Sulawesi Utara,71,Kota Manado,7171,71.71,sulawesiutara|kotamanado,Kota Manado,MultiPolygon,11,87,74,84,82,1,4,47,7,53,71,8,59,24,1,85.0574712643678,96.55172413793103,95.40229885057471,45.97701149425287,8.045977011494253,39.08045977011494,81.60919540229885,9.195402298850574,95.40229885057471,1.1494252873563218,YES,OK,OK,core_exact,1.0,2024,BPS - Pendataan Potensi Desa (Podes) 2024,0.9123521086934152,-0.012728065063789908,-1.131977683552411,1.0579156799872929,2,Menengah / transisi,8.094689921064354,NO
Sulawesi Utara,71,Kota Bitung,7172,71.72,sulawesiutara|kotabitung,Kota Bitung,MultiPolygon,8,69,42,68,47,19,3,51,7,56,63,5,13,50,2,60.86956521739131,98.55072463768117,95.65217391304348,26.086956521739136,10.144927536231885,18.840579710144922,91.30434782608695,7.246376811594203,91.30434782608695,2.898550724637681,YES,OK,OK,core_exact,1.0,2024,BPS - Pendataan Potensi Desa (Podes) 2024,-0.004838333083023343,0.9063778410124498,-1.118057810761202,0.3804321685759451,2,Menengah / transisi,4.4218972594566415,NO
Sulawesi Utara,71,Kota Tomohon,7173,71.73,sulawesiutara|kotatomohon,Kota Tomohon,Polygon,5,44,32,44,43,1,0,35,1,32,40,13,24,20,4,72.72727272727273,100.0,100.0,20.45454545454546,2.272727272727273,27.27272727272727,90.9090909090909,29.545454545454547,100.0,9.090909090909092,YES,OK,OK,core_exact,1.0,2024,BPS - Pendataan Potensi Desa (Podes) 2024,0.43650196247029555,1.2274646415845638,-0.3556816291940534,0.6642171718873577,2,Menengah / transisi,7.447740280675047,NO
Sulawesi Utara,71,Kota Kotamobagu,7174,71.74,sulawesiutara|kotakotamobagu,Kota Kotamobagu,Polygon,4,33,27,33,10,23,0,25,2,26,28,14,27,6,0,81.81818181818183,100.0,100.0,24.242424242424242,6.0606060606060606,21.212121212121215,84.84848484848484,42.42424242424242,100.0,0.0,YES,OK,OK,core_exact,1.0,2024,BPS - Pendataan Potensi Desa (Podes) 2024,0.7991261978362558,1.0923739372256203,0.18361468443110598,0.7349320057784544,2,Menengah / transisi,4.88998818201125,NO
Sulawesi Tengah,72,Banggai Kepulauan,7207,72.07,sulawesitengah|banggaikepulauan,Kabupaten Banggai Kepulauan,MultiPolygon,12,144,71,139,39,100,5,102,7,140,141,32,25,65,1,49.30555555555556,96.52777777777779,96.52777777777779,29.166666666666664,4.861111111111112,2.777777777777779,97.91666666666666,22.22222222222222,62.5,0.6944444444444444,YES,SOURCE_VARIANT,Kategori sinyal lemah + tidak ada sinyal diterbitkan gabungan; Kategori 2.5G + tidak ada internet diterbitkan gabungan,core_exact,1.0,2024,BPS - Pendataan Potensi Desa (Podes) 2024,-0.31839603084437074,1.5757166551567512,-0.4747002162782515,-0.1438201871926135,2,Menengah / transisi,2.66543695782561,NO
Sulawesi Tengah,72,Banggai,7201,72.01,sulawesitengah|banggai,Kabupaten Banggai,MultiPolygon,24,337,136,317,202,118,17,301,18,319,262,51,50,243,3,40.35608308605341,94.06528189910979,94.95548961424333,10.682492581602377,5.341246290801187,5.341246290801182,77.74480712166172,15.133531157270031,86.94362017804154,0.8902077151335311,YES,SOURCE_VARIANT,Kategori sinyal lemah + tidak ada sinyal diterbitkan gabungan; Kategori 2.5G + tidak ada internet diterbitkan gabungan,core_exact,1.0,2024,BPS - Pendataan Potensi Desa (Podes) 2024,-1.1323561649577005,1.2998010609070576,-0.8021261890160375,-0.028133976904086033,2,Menengah / transisi,3.4009873296873563,NO
Sulawesi Tengah,72,Morowali,7206,72.06,sulawesitengah|morowali,Kabupaten Morowali,MultiPolygon,10,133,60,128,59,48,26,99,10,124,55,14,16,70,2,45.11278195488722,96.2406015037594,80.45112781954887,25.563909774436087,7.518796992481203,6.766917293233088,41.35338345864661,10.526315789473683,64.66165413533834,1.5037593984962405,YES,SOURCE_VARIANT,Kategori sinyal lemah + tidak ada sinyal diterbitkan gabungan; Kategori 2.5G + tidak ada internet diterbitkan gabungan,core_exact,1.0,2024,BPS - Pendataan Potensi Desa (Podes) 2024,-1.3374607132593346,0.0885950384820338,-0.7441754934309356,0.687556229857869,2,Menengah / transisi,5.680395585018703,NO
Sulawesi Tengah,72,Poso,7202,72.02,sulawesitengah|poso,Kabupaten Poso,MultiPolygon,19,172,91,146,93,49,30,142,6,158,165,24,34,98,2,52.90697674418605,84.88372093023256,82.55813953488372,17.441860465116278,3.488372093023256,8.139534883720934,95.93023255813954,13.953488372093023,76.74418604651163,1.1627906976744187,YES,SOURCE_VARIANT,Kategori sinyal lemah + tidak ada sinyal diterbitkan gabungan; Kategori 2.5G + tidak ada internet diterbitkan gabungan,core_exact,1.0,2024,BPS - Pendataan Potensi Desa (Podes) 2024,-0.9739763127191549,0.9768049862969649,-0.35177786160659374,-0.11408404872839854,2,Menengah / transisi,4.162843096371388,NO
Sulawesi Tengah,72,Donggala,7203,72.03,sulawesitengah|donggala,Kabupaten Donggala,MultiPolygon,16,167,110,155,92,57,18,107,20,155,148,31,21,106,1,65.86826347305389,92.81437125748504,89.22155688622755,35.928143712574844,11.976047904191617,7.185628742514972,88.62275449101796,18.562874251497004,76.04790419161677,0.5988023952095809,YES,SOURCE_VARIANT,Kategori sinyal lemah + tidak ada sinyal diterbitkan gabungan; Kategori 2.5G + tidak ada internet diterbitkan gabungan,core_exact,1.0,2024,BPS - Pendataan Potensi Desa (Podes) 2024,0.04394426572959644,0.6662288693513011,-0.4148444741583885,0.20567941607250936,2,Menengah / transisi,2.296203119026951,NO
Sulawesi Tengah,72,Tolitoli,7204,72.04,sulawesitengah|tolitoli,Kabupaten Toli-Toli,MultiPolygon,10,110,72,96,90,10,10,61,27,104,103,20,17,45,2,65.45454545454545,87.27272727272727,90.9090909090909,44.54545454545455,24.545454545454547,5.454545454545457,93.63636363636364,18.181818181818183,56.36363636363636,1.8181818181818181,YES,SOURCE_VARIANT,Kategori sinyal lemah + tidak ada sinyal diterbitkan gabungan; Kategori 2.5G + tidak ada internet diterbitkan gabungan,fuzzy,0.9411764705882353,2024,BPS - Pendataan Potensi Desa (Podes) 2024,0.51023195465383,0.21050087324267194,-0.577295860880066,-0.4012439287758549,2,Menengah / transisi,8.749687964129661,NO
Sulawesi Tengah,72,Buol,7205,72.05,sulawesitengah|buol,Kabupaten Buol,MultiPolygon,11,115,61,109,70,32,13,72,6,108,98,19,24,59,3,53.04347826086957,94.78260869565217,88.69565217391305,37.39130434782608,5.217391304347826,6.086956521739129,85.21739130434783,16.52173913043478,72.17391304347827,2.608695652173913,YES,SOURCE_VARIANT,Kategori sinyal lemah + tidak ada sinyal diterbitkan gabungan; Kategori 2.5G + tidak ada internet diterbitkan gabungan,core_exact,1.0,2024,BPS - Pendataan Potensi Desa (Podes) 2024,-0.41741129719336695,0.9207272396724854,-0.5389460200937197,0.15059828774549133,2,Menengah / transisi,2.177457178884636,NO
Sulawesi Tengah,72,Parigi Moutong,7208,72.08,sulawesitengah|parigimoutong,Kabupaten Parigi Moutong,MultiPolygon,23,283,144,276,175,79,29,207,9,261,256,127,48,206,28,50.8833922261484,97.52650176678446,89.75265017667844,26.855123674911663,3.180212014134275,7.773851590106007,90.45936395759718,44.87632508833922,89.75265017667844,9.89399293286219,YES,SOURCE_VARIANT,Kategori sinyal lemah + tidak ada sinyal diterbitkan gabungan; Kategori 2.5G + tidak ada internet diterbitkan gabungan,core_exact,1.0,2024,BPS - Pendataan Potensi Desa (Podes) 2024,-0.08730031794214178,1.4473478294972049,0.4489541142189102,-0.19268070158137907,2,Menengah / transisi,3.0116127803022383,NO
Sulawesi Tengah,72,Tojo Una-Una,7209,72.09,sulawesitengah|tojounauna,Kabupaten Tojo Una Una,MultiPolygon,12,146,108,140,114,26,6,98,9,139,86,24,25,56,2,73.97260273972603,95.8904109589041,95.8904109589041,32.87671232876712,6.164383561643835,4.794520547945202,58.9041095890411,16.43835616438356,55.47945205479452,1.36986301369863,YES,SOURCE_VARIANT,Kategori sinyal lemah + tidak ada sinyal diterbitkan gabungan; Kategori 2.5G + tidak ada internet diterbitkan gabungan,core_exact,1.0,2024,BPS - Pendataan Potensi Desa (Podes) 2024,-0.32172351669423777,0.5345546916243243,-0.6045292741124727,1.1161960976355894,2,Menengah / transisi,4.776470554422346,NO
Sulawesi Tengah,72,Sigi,7210,72.10,sulawesitengah|sigi,Kabupaten Sigi,Polygon,16,177,107,160,40,109,28,150,3,171,131,16,38,96,2,60.451977401129945,90.3954802259887,84.18079096045197,15.254237288135597,1.694915254237288,3.3898305084745783,74.01129943502825,9.03954802259887,75.70621468926554,1.1299435028248588,YES,SOURCE_VARIANT,Kategori sinyal lemah + tidak ada sinyal diterbitkan gabungan; Kategori 2.5G + tidak ada internet diterbitkan gabungan,core_exact,1.0,2024,BPS - Pendataan Potensi Desa (Podes) 2024,-1.2219821504907955,0.8413514247254879,-0.4975187950183891,0.6943554154791866,2,Menengah / transisi,3.04734475782059,NO
Sulawesi Tengah,72,Banggai Laut,7211,72.11,sulawesitengah|banggailaut,Kabupaten Banggai Laut,MultiPolygon,7,66,41,63,54,10,2,45,4,63,20,2,12,21,0,62.121212121212125,95.45454545454545,96.96969696969697,31.818181818181824,6.0606060606060606,4.545454545454541,30.303030303030305,3.0303030303030303,50.0,0.0,YES,SOURCE_VARIANT,Kategori sinyal lemah + tidak ada sinyal diterbitkan gabungan; Kategori 2.5G + tidak ada internet diterbitkan gabungan,core_exact,1.0,2024,BPS - Pendataan Potensi Desa (Podes) 2024,-1.0786430245432472,0.0560835751539967,-1.3047316366015833,1.3528127795772016,2,Menengah / transisi,10.456966111978504,NO
Sulawesi Tengah,72,Morowali Utara,7212,72.12,sulawesitengah|morowaliutara,Kabupaten Morowali Utara,MultiPolygon,10,126,72,113,60,23,43,93,7,119,108,15,12,70,5,57.14285714285714,89.68253968253968,65.87301587301587,26.190476190476186,5.555555555555555,5.555555555555558,85.71428571428571,11.904761904761903,65.07936507936508,3.968253968253968,YES,SOURCE_VARIANT,Kategori sinyal lemah + tidak ada sinyal diterbitkan gabungan; Kategori 2.5G + tidak ada internet diterbitkan gabungan,core_exact,1.0,2024,BPS - Pendataan Potensi Desa (Podes) 2024,-1.004682273844766,0.4178081672492396,0.0049090078851601075,0.302555232997051,2,Menengah / transisi,2.6888818700881094,NO
Sulawesi Tengah,72,Kota Palu,7271,72.71,sulawesitengah|kotapalu,Kota Palu,Polygon,8,46,43,46,28,16,2,25,11,25,43,9,38,7,0,93.47826086956522,100.0,95.65217391304348,45.652173913043484,23.91304347826087,45.652173913043484,93.47826086956522,19.565217391304348,97.82608695652173,0.0,YES,SOURCE_VARIANT,Kategori sinyal lemah + tidak ada sinyal diterbitkan gabungan; Kategori 2.5G + tidak ada internet diterbitkan gabungan,core_exact,1.0,2024,BPS - Pendataan Potensi Desa (Podes) 2024,2.039548720850116,-0.29116068195637185,-0.8856988932890637,0.6624635242861412,3,Relatif tinggi lintas indikator,7.4398246941187125,NO
Sulawesi Selatan,73,Kepulauan Selayar,7301,73.01,sulawesiselatan|kepulauanselayar,Kabupaten Kepulauan Selayar,MultiPolygon,11,88,42,71,44,22,22,55,21,82,64,51,10,41,3,47.72727272727273,80.68181818181817,75.0,37.5,23.863636363636363,6.818181818181824,72.72727272727273,57.95454545454546,57.95454545454546,3.4090909090909087,YES,OK,OK,core_exact,1.0,2024,BPS - Pendataan Potensi Desa (Podes) 2024,0.1514566083427349,-0.1983360140613629,1.0194137591845613,-1.217627513678637,2,Menengah / transisi,8.58778581719212,NO
Sulawesi Selatan,73,Bulukumba,7302,73.02,sulawesiselatan|bulukumba,Kabupaten Bulukumba,MultiPolygon,10,136,105,131,129,6,1,69,26,122,128,45,30,92,6,77.20588235294117,96.32352941176471,99.26470588235294,49.26470588235294,19.11764705882353,10.29411764705882,94.11764705882352,33.088235294117645,89.70588235294117,4.411764705882353,YES,OK,OK,core_exact,1.0,2024,BPS - Pendataan Potensi Desa (Podes) 2024,1.2357645177508156,0.641013864356043,-0.20594878370579747,0.07186769936955362,2,Menengah / transisi,4.2195200728550954,NO
Sulawesi Selatan,73,Bantaeng,7303,73.03,sulawesiselatan|bantaeng,Kabupaten Bantaeng,MultiPolygon,8,67,43,67,64,3,0,45,14,60,61,26,22,44,3,64.17910447761194,100.0,100.0,32.83582089552238,20.8955223880597,10.447761194029848,91.04477611940298,38.80597014925373,98.50746268656717,4.477611940298507,YES,OK,OK,core_exact,1.0,2024,BPS - Pendataan Potensi Desa (Podes) 2024,0.9375555273238209,0.9541020996763361,-0.1295271571712821,-0.2078540091899362,2,Menengah / transisi,4.08002909475945,NO
Sulawesi Selatan,73,Jeneponto,7304,73.04,sulawesiselatan|jeneponto,Kabupaten Jeneponto,MultiPolygon,11,113,80,112,85,28,0,88,15,105,104,23,25,85,0,70.79646017699115,99.11504424778761,100.0,22.123893805309734,13.274336283185843,7.079646017699115,92.03539823008849,20.353982300884958,97.34513274336283,0.0,YES,OK,OK,core_exact,1.0,2024,BPS - Pendataan Potensi Desa (Podes) 2024,0.2656783794991144,1.2041726912537,-0.5563672270288927,0.43321137420621314,2,Menengah / transisi,5.195037033784884,NO
Sulawesi Selatan,73,Takalar,7305,73.05,sulawesiselatan|takalar,Kabupaten Takalar,MultiPolygon,10,110,74,107,48,61,1,87,16,100,110,25,33,75,4,67.27272727272727,97.27272727272728,99.0909090909091,20.90909090909091,14.545454545454545,9.090909090909093,100.0,22.727272727272727,98.18181818181819,3.6363636363636362,YES,OK,OK,core_exact,1.0,2024,BPS - Pendataan Potensi Desa (Podes) 2024,0.34173710955498166,1.259993896804388,-0.48431711244390446,0.106577514177956,2,Menengah / transisi,5.407159189537059,NO
Sulawesi Selatan,73,Gowa,7306,73.06,sulawesiselatan|gowa,Kabupaten Gowa,MultiPolygon,18,167,128,166,95,67,5,92,25,147,159,90,40,113,1,76.64670658682635,99.40119760479041,97.0059880239521,44.91017964071856,14.97005988023952,11.976047904191612,95.20958083832335,53.89221556886228,91.61676646706587,0.5988023952095809,YES,OK,OK,core_exact,1.0,2024,BPS - Pendataan Potensi Desa (Podes) 2024,1.4273053759796401,0.9671703304369873,0.6068610531023546,-0.012892946371576395,2,Menengah / transisi,2.833572365371853,NO
Sulawesi Selatan,73,Sinjai,7307,73.07,sulawesiselatan|sinjai,Kabupaten Sinjai,MultiPolygon,9,80,56,80,78,2,0,30,32,69,80,56,15,61,3,70.0,100.0,100.0,62.5,40.0,13.749999999999996,100.0,70.0,95.0,3.75,YES,OK,OK,core_exact,1.0,2024,BPS - Pendataan Potensi Desa (Podes) 2024,2.7981590127432985,0.29068261510089766,0.7251419680478978,-1.2076769312721183,3,Relatif tinggi lintas indikator,18.20778577245552,NO
Sulawesi Selatan,73,Maros,7309,73.09,sulawesiselatan|maros,Kabupaten Maros,MultiPolygon,14,103,78,98,55,37,11,60,21,92,98,18,32,61,1,75.72815533980582,95.14563106796116,89.32038834951457,41.747572815533985,20.388349514563107,10.679611650485432,95.14563106796116,17.475728155339805,90.29126213592234,0.9708737864077669,YES,OK,OK,core_exact,1.0,2024,BPS - Pendataan Potensi Desa (Podes) 2024,0.7413844179463095,0.38607914876625204,-0.48187277643829635,0.22405507099218502,2,Menengah / transisi,5.775665909789247,NO
Sulawesi Selatan,73,Pangkajene Dan Kepulauan,7310,73.10,sulawesiselatan|pangkajenedankepulauan,Kabupaten Pangkajene Dan Kepulauan,MultiPolygon,13,103,84,97,40,60,3,76,14,92,77,53,20,60,10,81.55339805825243,94.1747572815534,97.0873786407767,26.21359223300971,13.592233009708737,10.679611650485432,74.75728155339806,51.45631067961165,77.66990291262135,9.70873786407767,YES,OK,OK,core_exact,1.0,2024,BPS - Pendataan Potensi Desa (Podes) 2024,0.7499932752223022,0.7149375873510624,0.5975534843749173,0.4080960270285499,2,Menengah / transisi,4.9311737370093685,NO
Sulawesi Selatan,73,Barru,7311,73.11,sulawesiselatan|barru,Kabupaten Barru,MultiPolygon,7,55,43,50,47,7,1,31,17,44,54,21,13,33,0,78.18181818181819,90.9090909090909,98.18181818181819,43.63636363636364,30.909090909090907,19.999999999999996,98.18181818181819,38.18181818181819,83.63636363636363,0.0,YES,OK,OK,core_exact,1.0,2024,BPS - Pendataan Potensi Desa (Podes) 2024,1.7076117703231397,0.1228789453652965,-0.17324562697170368,-0.4852556228757543,3,Relatif tinggi lintas indikator,8.084284485205828,NO
Sulawesi Selatan,73,Bone,7308,73.08,sulawesiselatan|bone,Kabupaten Bone,MultiPolygon,27,372,185,347,135,187,50,239,42,352,365,87,75,249,5,49.73118279569893,93.27956989247312,86.55913978494624,35.752688172043015,11.29032258064516,5.376344086021501,98.11827956989248,23.387096774193548,87.09677419354838,1.3440860215053763,YES,OK,OK,core_exact,1.0,2024,BPS - Pendataan Potensi Desa (Podes) 2024,-0.12395409450617675,0.9863555543773879,-0.2695215995412623,-0.4036090746633993,2,Menengah / transisi,2.2212546325578466,NO
Sulawesi Selatan,73,Soppeng,7312,73.12,sulawesiselatan|soppeng,Kabupaten Soppeng,Polygon,8,70,56,65,49,21,0,44,22,58,69,23,23,39,0,80.0,92.85714285714286,100.0,37.142857142857146,31.428571428571427,17.14285714285714,98.57142857142858,32.857142857142854,88.57142857142857,0.0,YES,OK,OK,core_exact,1.0,2024,BPS - Pendataan Potensi Desa (Podes) 2024,1.575660427149597,0.28255401395054347,-0.3403427556579501,-0.30192317531563323,2,Menengah / transisi,11.172474329463054,NO
Sulawesi Selatan,73,Wajo,7313,73.13,sulawesiselatan|wajo,Kabupaten Wajo,MultiPolygon,14,190,110,185,152,32,6,129,26,171,189,28,48,120,2,57.89473684210527,97.36842105263158,96.84210526315789,32.10526315789474,13.684210526315791,9.999999999999998,99.47368421052632,14.736842105263156,88.42105263157895,1.0526315789473684,YES,OK,OK,core_exact,1.0,2024,BPS - Pendataan Potensi Desa (Podes) 2024,0.2036567975521838,1.0979530491804703,-0.8357800262309127,-0.05753209407673068,2,Menengah / transisi,3.641669626615492,NO
Sulawesi Selatan,73,Sidenreng Rappang,7314,73.14,sulawesiselatan|sidenrengrappang,Kabupaten Sidenreng Rappang,Polygon,11,106,80,104,55,43,8,67,14,88,100,15,60,43,0,75.47169811320755,98.11320754716981,92.45283018867924,36.79245283018868,13.20754716981132,16.981132075471695,94.33962264150944,14.150943396226415,97.16981132075472,0.0,YES,OK,OK,core_exact,1.0,2024,BPS - Pendataan Potensi Desa (Podes) 2024,0.5781605150154516,0.6456495284965619,-0.6832880077774351,0.5416259203509565,2,Menengah / transisi,3.7711695658050486,NO
Sulawesi Selatan,73,Pinrang,7315,73.15,sulawesiselatan|pinrang,Kabupaten Pinrang,MultiPolygon,12,109,85,99,60,35,14,62,14,92,98,26,27,71,2,77.98165137614679,90.82568807339449,87.1559633027523,43.11926605504587,12.844036697247708,15.596330275229352,89.90825688073394,23.853211009174313,89.90825688073394,1.834862385321101,YES,OK,OK,core_exact,1.0,2024,BPS - Pendataan Potensi Desa (Podes) 2024,0.5790863527537056,0.2852332853640955,-0.18426604893104814,0.34399715819928256,2,Menengah / transisi,2.3232896410156565,NO
Sulawesi Selatan,73,Enrekang,7316,73.16,sulawesiselatan|enrekang,Kabupaten Enrekang,Polygon,12,129,70,106,111,13,5,108,10,123,127,40,10,88,5,54.263565891472865,82.17054263565892,96.12403100775194,16.279069767441857,7.751937984496124,4.651162790697672,98.44961240310077,31.007751937984494,75.96899224806202,3.875968992248062,YES,OK,OK,core_exact,1.0,2024,BPS - Pendataan Potensi Desa (Podes) 2024,-0.477993875570857,1.2768916119389115,-0.09024760172235381,-0.5723709591754104,2,Menengah / transisi,4.6673080588926465,NO
Sulawesi Selatan,73,Luwu,7317,73.17,sulawesiselatan|luwu,Kabupaten Luwu,MultiPolygon,22,227,100,191,114,86,27,176,21,215,176,36,27,124,0,44.052863436123346,84.14096916299559,88.10572687224669,22.466960352422905,9.251101321585903,5.286343612334798,77.5330396475771,15.859030837004406,66.51982378854625,0.0,YES,OK,OK,core_exact,1.0,2024,BPS - Pendataan Potensi Desa (Podes) 2024,-1.0280158603635952,0.6386171775666651,-0.6185019162470753,-0.33993565413170124,2,Menengah / transisi,1.6753834272740153,NO
Sulawesi Selatan,73,Tana Toraja,7318,73.18,sulawesiselatan|tanatoraja,Kabupaten Tana Toraja,Polygon,19,159,93,136,62,84,13,120,8,151,141,39,14,98,2,58.490566037735846,85.53459119496856,91.82389937106919,24.52830188679245,5.031446540880504,5.031446540880502,88.67924528301887,24.528301886792452,70.44025157232704,1.257861635220126,YES,OK,OK,core_exact,1.0,2024,BPS - Pendataan Potensi Desa (Podes) 2024,-0.5484922643957619,1.0071759571172207,-0.2065139522676195,-0.07447493663701368,2,Menengah / transisi,2.0554078071021857,NO
Sulawesi Selatan,73,Luwu Utara,7322,73.22,sulawesiselatan|luwuutara,Kabupaten Luwu Utara,MultiPolygon,15,173,85,163,106,47,20,119,13,162,144,26,11,116,2,49.13294797687861,94.21965317919076,88.4393063583815,31.213872832369937,7.514450867052023,6.358381502890175,83.23699421965318,15.028901734104046,73.41040462427746,1.1560693641618496,YES,OK,OK,core_exact,1.0,2024,BPS - Pendataan Potensi Desa (Podes) 2024,-0.5710912716199227,0.8836956265906806,-0.6307927600868585,0.03562776214098262,2,Menengah / transisi,1.7621959735881267,NO
Sulawesi Selatan,73,Luwu Timur,7324,73.24,sulawesiselatan|luwutimur,Kabupaten Luwu Timur,MultiPolygon,11,129,84,126,117,7,5,78,26,115,121,58,9,104,2,65.11627906976744,97.67441860465115,96.12403100775194,39.53488372093024,20.155038759689923,10.852713178294572,93.7984496124031,44.96124031007752,87.59689922480621,1.550387596899225,YES,OK,OK,core_exact,1.0,2024,BPS - Pendataan Potensi Desa (Podes) 2024,1.0825850916251731,0.8345533654068745,0.19031002210462894,-0.3612885905220807,2,Menengah / transisi,3.0825659139934842,NO
Sulawesi Selatan,73,Toraja Utara,7326,73.26,sulawesiselatan|torajautara,Kabupaten Toraja Utara,Polygon,21,151,82,138,65,81,5,109,3,140,139,24,25,99,1,54.3046357615894,91.3907284768212,96.68874172185431,27.81456953642384,1.9867549668874174,7.284768211920534,92.05298013245033,15.894039735099339,82.11920529801324,0.6622516556291391,YES,OK,OK,core_exact,1.0,2024,BPS - Pendataan Potensi Desa (Podes) 2024,-0.5359719757991185,1.2944515249535133,-0.6860391427123625,0.08645772120941021,2,Menengah / transisi,2.9900935408013605,NO
Sulawesi Selatan,73,Kota Makassar,7371,73.71,sulawesiselatan|kotamakassar,Kota Makassar,MultiPolygon,15,153,130,153,135,18,0,39,20,70,138,42,98,54,9,84.9673202614379,100.0,100.0,74.50980392156863,13.071895424836603,54.2483660130719,90.19607843137256,27.450980392156865,99.34640522875817,5.88235294117647,YES,OK,OK,core_exact,1.0,2024,BPS - Pendataan Potensi Desa (Podes) 2024,2.3432102866975555,-0.33118164689720253,-0.9222153203426025,0.49948748874117005,3,Relatif tinggi lintas indikator,9.441604326985454,NO
Sulawesi Selatan,73,Kota Parepare,7372,73.72,sulawesiselatan|kotaparepare,Kota Parepare,Polygon,4,22,18,22,20,2,0,9,5,12,22,9,20,2,4,81.81818181818183,100.0,100.0,59.09090909090908,22.727272727272727,45.45454545454546,100.0,40.909090909090914,100.0,18.181818181818183,YES,OK,OK,core_exact,1.0,2024,BPS - Pendataan Potensi Desa (Podes) 2024,2.500952273109615,0.0037474310051033833,-0.38125230886803596,-0.08238663538879978,3,Relatif tinggi lintas indikator,2.4139749077144,NO
Sulawesi Selatan,73,Kota Palopo,7373,73.73,sulawesiselatan|kotapalopo,Kota Palopo,MultiPolygon,9,48,42,47,28,20,0,34,4,36,45,11,20,26,2,87.5,97.91666666666666,100.0,29.166666666666664,8.333333333333332,25.0,93.75,22.916666666666664,95.83333333333334,4.166666666666666,YES,OK,OK,core_exact,1.0,2024,BPS - Pendataan Potensi Desa (Podes) 2024,0.8670635921634462,0.8444626547454792,-0.491079581025341,0.8808526053869143,2,Menengah / transisi,6.828971856955464,NO
Sulawesi Tenggara,74,Buton,7404,74.04,sulawesitenggara|buton,Kabupaten Buton,MultiPolygon,7,95,34,84,92,3,0,67,14,89,87,22,28,42,4,35.78947368421053,88.42105263157895,100.0,29.47368421052632,14.736842105263156,6.315789473684208,91.57894736842105,23.157894736842106,73.68421052631578,4.2105263157894735,YES,OK,OK,core_exact,1.0,2024,BPS - Pendataan Potensi Desa (Podes) 2024,-0.3392559476852508,1.0704737704883929,-0.8091763682736942,-0.9678422397283192,2,Menengah / transisi,4.51494763305084,NO
Sulawesi Tenggara,74,Muna,7403,74.03,sulawesitenggara|muna,Kabupaten Muna,MultiPolygon,22,150,68,146,99,50,1,76,27,139,133,35,15,99,1,45.33333333333333,97.33333333333334,99.33333333333333,49.33333333333333,18.0,7.333333333333336,88.66666666666667,23.333333333333332,76.0,0.6666666666666667,YES,OK,OK,core_exact,1.0,2024,BPS - Pendataan Potensi Desa (Podes) 2024,0.41929880547070825,0.8117588933086285,-0.8286051128528702,-0.5618748563513835,2,Menengah / transisi,6.197920708845646,NO
Sulawesi Tenggara,74,Konawe,7402,74.02,sulawesitenggara|konawe,Kabupaten Konawe,MultiPolygon,28,353,100,322,116,213,24,321,12,344,284,72,53,228,0,28.328611898016998,91.21813031161473,93.20113314447592,9.065155807365443,3.39943342776204,2.5495750708215303,80.45325779036827,20.396600566572236,79.60339943342775,0.0,YES,OK,OK,core_exact,1.0,2024,BPS - Pendataan Potensi Desa (Podes) 2024,-1.4384303639719438,1.4836727714087397,-0.6162376825422725,-0.490155934827989,2,Menengah / transisi,4.279680436781057,NO
Sulawesi Tenggara,74,Kolaka,7401,74.01,sulawesitenggara|kolaka,Kabupaten Kolaka,MultiPolygon,12,135,64,128,92,24,19,96,13,126,121,28,22,87,2,47.40740740740741,94.81481481481482,85.92592592592592,28.888888888888886,9.62962962962963,6.666666666666665,89.62962962962962,20.74074074074074,80.74074074074075,1.4814814814814816,YES,OK,OK,core_exact,1.0,2024,BPS - Pendataan Potensi Desa (Podes) 2024,-0.42431876160694043,0.9670265378963666,-0.3749392696833393,-0.19875487471688863,2,Menengah / transisi,1.644042172672422,NO
Sulawesi Tenggara,74,Konawe Selatan,7405,74.05,sulawesitenggara|konaweselatan,Kabupaten Konawe Selatan,MultiPolygon,25,351,93,319,193,116,42,276,25,340,310,33,53,156,3,26.495726495726498,90.88319088319088,88.03418803418803,21.36752136752137,7.122507122507122,3.1339031339031376,88.31908831908832,9.401709401709402,59.54415954415955,0.8547008547008548,YES,OK,OK,core_exact,1.0,2024,BPS - Pendataan Potensi Desa (Podes) 2024,-1.2914275438494618,1.1879780099099067,-0.93447181232851,-0.6440850185244684,2,Menengah / transisi,4.748430168086001,NO
Sulawesi Tenggara,74,Bombana,7406,74.06,sulawesitenggara|bombana,Kabupaten Bombana,MultiPolygon,22,145,85,123,82,52,11,106,17,136,132,67,13,72,2,58.620689655172406,84.82758620689656,92.41379310344827,26.89655172413793,11.724137931034482,6.206896551724139,91.0344827586207,46.206896551724135,58.620689655172406,1.3793103448275863,YES,OK,OK,core_exact,1.0,2024,BPS - Pendataan Potensi Desa (Podes) 2024,0.09088315876072386,0.9295762455272777,0.4592790614980736,-0.6014471109774551,2,Menengah / transisi,2.885938669097473,NO
Sulawesi Tenggara,74,Wakatobi,7407,74.07,sulawesitenggara|wakatobi,Kabupaten Wakatobi,MultiPolygon,8,100,34,96,26,74,0,83,7,93,53,37,26,59,3,34.0,96.0,100.0,17.000000000000004,7.000000000000001,6.999999999999995,53.0,37.0,85.0,3.0,YES,OK,OK,core_exact,1.0,2024,BPS - Pendataan Potensi Desa (Podes) 2024,-0.8788433691067051,1.0362131358376652,-0.38190083838722066,-0.18333794467104117,2,Menengah / transisi,7.920102402144288,NO
Sulawesi Tenggara,74,Kolaka Utara,7408,74.08,sulawesitenggara|kolakautara,Kabupaten Kolaka Utara,MultiPolygon,15,133,52,123,100,33,0,107,6,126,105,21,16,91,2,39.097744360902254,92.4812030075188,100.0,19.548872180451127,4.511278195488721,5.263157894736848,78.94736842105263,15.789473684210526,80.45112781954887,1.5037593984962405,YES,OK,OK,core_exact,1.0,2024,BPS - Pendataan Potensi Desa (Podes) 2024,-0.9729433403019154,1.3180148856435223,-0.9423276493274172,-0.1694599681534592,2,Menengah / transisi,3.146174081501208,NO
Sulawesi Tenggara,74,Buton Utara,7410,74.10,sulawesitenggara|butonutara,Kabupaten Buton Utara,MultiPolygon,6,90,20,74,71,18,1,56,5,85,66,12,4,47,2,22.22222222222222,82.22222222222221,98.88888888888889,37.77777777777778,5.555555555555555,5.555555555555558,73.33333333333333,13.333333333333334,56.666666666666664,2.2222222222222223,YES,OK,OK,core_exact,1.0,2024,BPS - Pendataan Potensi Desa (Podes) 2024,-1.2319767644894706,0.7906941811521,-1.2392219433221214,-0.9303364701228243,2,Menengah / transisi,7.696338622376674,NO
Sulawesi Tenggara,74,Konawe Utara,7409,74.09,sulawesitenggara|konaweutara,Kabupaten Konawe Utara,MultiPolygon,13,170,54,133,0,151,19,148,11,165,119,24,14,81,2,31.76470588235294,78.23529411764706,88.8235294117647,12.941176470588234,6.470588235294119,2.941176470588236,70.0,14.117647058823529,55.88235294117647,1.1764705882352942,YES,OK,OK,core_exact,1.0,2024,BPS - Pendataan Potensi Desa (Podes) 2024,-1.7482361098581811,0.6841551079321391,-0.7463638582946618,-0.6185324759925936,2,Menengah / transisi,2.951330672087645,NO
Sulawesi Tenggara,74,Kolaka Timur,7411,74.11,sulawesitenggara|kolakatimur,Kabupaten Kolaka Timur,Polygon,12,133,46,114,67,54,12,108,10,126,109,36,9,71,0,34.58646616541353,85.71428571428571,90.97744360902256,18.796992481203013,7.518796992481203,5.263157894736848,81.95488721804512,27.06766917293233,60.150375939849624,0.0,YES,OK,OK,core_exact,1.0,2024,BPS - Pendataan Potensi Desa (Podes) 2024,-1.0065080973234515,1.0424589343284885,-0.3542060787247469,-0.7253103462819337,2,Menengah / transisi,2.5595413394260733,NO
Sulawesi Tenggara,74,Konawe Kepulauan,7412,74.12,sulawesitenggara|konawekepulauan,Kabupaten Konawe Kepulauan,MultiPolygon,7,96,30,86,4,64,28,84,4,93,73,0,11,49,0,31.25,89.58333333333334,70.83333333333334,12.5,4.166666666666666,3.125,76.04166666666666,0.0,62.5,0.0,YES,OK,OK,core_exact,1.0,2024,BPS - Pendataan Potensi Desa (Podes) 2024,-1.9943886944009919,0.6925275805487285,-0.7359267702327854,-0.06540321509245882,2,Menengah / transisi,4.512599628625215,NO
Sulawesi Tenggara,74,Muna Barat,7413,74.13,sulawesitenggara|munabarat,Kabupaten Muna Barat,MultiPolygon,11,86,22,64,55,31,0,55,3,84,77,21,5,44,0,25.581395348837212,74.4186046511628,100.0,36.04651162790697,3.488372093023256,2.3255813953488413,89.53488372093024,24.418604651162788,56.97674418604651,0.0,YES,OK,OK,core_exact,1.0,2024,BPS - Pendataan Potensi Desa (Podes) 2024,-1.1111123415522062,1.094667007720719,-0.7187466715886474,-1.375676988323361,2,Menengah / transisi,7.770203427792725,NO
Sulawesi Tenggara,74,Buton Tengah,7414,74.14,sulawesitenggara|butontengah,Kabupaten Buton Tengah,MultiPolygon,7,77,28,70,41,28,8,46,14,71,52,14,16,38,2,36.36363636363637,90.9090909090909,89.6103896103896,40.25974025974026,18.181818181818183,7.792207792207795,67.53246753246754,18.181818181818183,70.12987012987013,2.5974025974025974,YES,OK,OK,core_exact,1.0,2024,BPS - Pendataan Potensi Desa (Podes) 2024,-0.44861016096753625,0.20463556440335787,-0.871157930062735,-0.5658245181358134,2,Menengah / transisi,6.251450692160119,NO
Sulawesi Tenggara,74,Buton Selatan,7415,74.15,sulawesitenggara|butonselatan,Kabupaten Buton Selatan,MultiPolygon,7,70,19,58,31,29,10,54,12,68,31,16,17,27,0,27.142857142857142,82.85714285714286,85.71428571428571,22.857142857142854,17.142857142857142,2.857142857142858,44.285714285714285,22.857142857142858,62.857142857142854,0.0,YES,OK,OK,core_exact,1.0,2024,BPS - Pendataan Potensi Desa (Podes) 2024,-1.4226268579576007,-0.06642503813205773,-0.6306260189365008,-0.6728941928802775,2,Menengah / transisi,8.816815790587636,NO
Sulawesi Tenggara,74,Kota Kendari,7471,74.71,sulawesitenggara|kotakendari,Kota Kendari,MultiPolygon,11,65,55,65,51,14,0,41,9,43,53,6,48,16,2,84.61538461538461,100.0,100.0,36.92307692307693,13.846153846153847,33.84615384615385,81.53846153846153,9.230769230769232,98.46153846153847,3.076923076923077,YES,OK,OK,core_exact,1.0,2024,BPS - Pendataan Potensi Desa (Podes) 2024,0.9694196647195755,0.19769574000861118,-1.2245258446325302,1.0210400243086375,2,Menengah / transisi,6.665855847321632,NO
Sulawesi Tenggara,74,Kota Baubau,7472,74.72,sulawesitenggara|kotabaubau,Kota Bau Bau,MultiPolygon,8,43,27,41,38,5,0,31,6,30,42,26,26,12,0,62.7906976744186,95.34883720930233,100.0,27.906976744186053,13.953488372093023,30.23255813953488,97.67441860465115,60.46511627906976,88.37209302325581,0.0,YES,OK,OK,fuzzy,0.9230769230769231,2024,BPS - Pendataan Potensi Desa (Podes) 2024,1.2930401651765167,1.0039672163724975,0.48766826740972385,-0.6000885306417706,2,Menengah / transisi,6.00494883531343,NO
Gorontalo,75,Boalemo,7502,75.02,gorontalo|boalemo,Kabupaten Boalemo,MultiPolygon,7,83,46,74,63,18,2,58,8,75,79,12,33,33,2,55.42168674698795,89.1566265060241,97.59036144578313,30.12048192771084,9.63855421686747,9.638554216867467,95.18072289156626,14.457831325301203,79.51807228915662,2.4096385542168677,YES,OK,OK,core_exact,1.0,2024,BPS - Pendataan Potensi Desa (Podes) 2024,-0.21469335002170667,0.9997109126503254,-0.842421551304138,-0.19068032726798162,2,Menengah / transisi,3.081123568486793,NO
Gorontalo,75,Gorontalo,7501,75.01,gorontalo|gorontalo,Kabupaten Gorontalo,Polygon,19,205,102,173,113,92,0,149,17,191,191,72,65,97,9,49.75609756097561,84.39024390243902,100.0,27.31707317073171,8.292682926829269,6.829268292682922,93.17073170731707,35.12195121951219,79.02439024390245,4.390243902439024,YES,OK,OK,core_exact_type,1.0,2024,BPS - Pendataan Potensi Desa (Podes) 2024,-0.20952523404991807,1.1864231305354935,-0.18512990344243274,-0.6931632134984421,2,Menengah / transisi,2.7735437541045003,NO
Gorontalo,75,Pohuwato,7504,75.04,gorontalo|pohuwato,Kabupaten Pohuwato,MultiPolygon,13,105,45,96,71,33,1,83,9,96,103,10,43,42,0,42.857142857142854,91.42857142857143,99.04761904761905,20.952380952380956,8.571428571428571,8.571428571428575,98.09523809523809,9.523809523809524,80.95238095238095,0.0,YES,OK,OK,core_exact,1.0,2024,BPS - Pendataan Potensi Desa (Podes) 2024,-0.6138703689529119,1.3503089794022707,-1.1134665239514532,-0.3965806863913205,2,Menengah / transisi,4.702315690264973,NO
Gorontalo,75,Bone Bolango,7503,75.03,gorontalo|bonebolango,Kabupaten Bone Bolango,Polygon,18,165,59,152,62,102,1,147,6,161,134,33,59,83,6,35.75757575757576,92.12121212121212,99.39393939393939,10.909090909090914,3.6363636363636362,2.4242424242424288,81.21212121212122,20.0,86.06060606060606,3.6363636363636362,YES,OK,OK,core_exact,1.0,2024,BPS - Pendataan Potensi Desa (Podes) 2024,-1.1766002083652891,1.5654562605929223,-0.7311848453845547,-0.2973598936139055,2,Menengah / transisi,3.751296394315127,NO
Gorontalo,75,Gorontalo Utara,7505,75.05,gorontalo|gorontaloutara,Kabupaten Gorontalo Utara,MultiPolygon,11,124,45,116,99,24,1,101,10,116,97,19,48,54,0,36.29032258064516,93.54838709677419,99.19354838709677,18.54838709677419,8.064516129032258,6.451612903225811,78.2258064516129,15.32258064516129,82.25806451612904,0.0,YES,OK,OK,core_exact,1.0,2024,BPS - Pendataan Potensi Desa (Podes) 2024,-0.9078723659342829,1.2161369145515621,-1.0117503301780089,-0.29000800806587884,2,Menengah / transisi,3.671718752170767,NO
Gorontalo,75,Kota Gorontalo,7571,75.71,gorontalo|kotagorontalo,Kota Gorontalo,Polygon,9,50,48,50,20,24,6,30,3,39,41,14,38,12,4,96.0,100.0,88.0,40.0,6.0,21.999999999999996,82.0,28.000000000000004,100.0,8.0,YES,OK,OK,core_exact_type,1.0,2024,BPS - Pendataan Potensi Desa (Podes) 2024,0.8985827153550996,0.41507017560931864,0.06675186544308233,1.3556202234995989,2,Menengah / transisi,5.761263047142988,NO
Sulawesi Barat,76,Majene,7605,76.05,sulawesibarat|majene,Kabupaten Majene,MultiPolygon,8,82,49,70,49,26,7,58,13,74,71,34,18,48,7,59.756097560975604,85.36585365853658,91.46341463414635,29.268292682926834,15.853658536585366,9.756097560975608,86.58536585365853,41.46341463414634,80.48780487804879,8.536585365853659,YES,OK,OK,core_exact,1.0,2024,BPS - Pendataan Potensi Desa (Podes) 2024,0.2169813758456286,0.5925853366793612,0.22539337335662035,-0.5486588878760312,2,Menengah / transisi,2.3978056926783515,NO
Sulawesi Barat,76,Polewali Mandar,7604,76.04,sulawesibarat|polewalimandar,Kabupaten Polewali Mandar,MultiPolygon,16,167,98,134,69,83,15,136,13,157,156,71,35,97,13,58.68263473053892,80.23952095808383,91.01796407185628,18.562874251497007,7.784431137724551,5.988023952095811,93.41317365269461,42.51497005988024,79.04191616766467,7.784431137724551,YES,OK,OK,core_exact,1.0,2024,BPS - Pendataan Potensi Desa (Podes) 2024,-0.31999451728113204,1.0262278064972314,0.4521372962184024,-0.5756635371477545,2,Menengah / transisi,4.3044884382594,NO
Sulawesi Barat,76,Mamasa,7603,76.03,sulawesibarat|mamasa,Kabupaten Mamasa,Polygon,17,181,64,150,55,63,63,143,25,177,164,77,20,75,3,35.35911602209944,82.87292817679558,65.19337016574586,20.994475138121548,13.812154696132598,2.209944751381221,90.60773480662984,42.5414364640884,52.48618784530387,1.6574585635359116,YES,OK,OK,core_exact,1.0,2024,BPS - Pendataan Potensi Desa (Podes) 2024,-0.8606426736225503,0.5383650707184244,0.8905819599273938,-1.1754267369629858,2,Menengah / transisi,5.40855360944259,NO
Sulawesi Barat,76,Mamuju,7602,76.02,sulawesibarat|mamuju,Kabupaten Mamuju,MultiPolygon,11,101,57,71,37,44,20,51,10,94,69,39,14,39,1,56.43564356435643,70.29702970297029,80.19801980198021,49.504950495049506,9.900990099009901,6.930693069306926,68.31683168316832,38.613861386138616,52.475247524752476,0.9900990099009901,YES,OK,OK,core_exact,1.0,2024,BPS - Pendataan Potensi Desa (Podes) 2024,-0.4372451248472002,-0.33622082966403377,0.37729881816160676,-0.6569716529551389,2,Menengah / transisi,4.804761960425066,NO
Sulawesi Barat,76,Pasangkayu,7601,76.01,sulawesibarat|pasangkayu,Kabupaten Pasangkayu,MultiPolygon,12,63,45,54,34,18,11,30,8,55,59,39,8,34,1,71.42857142857143,85.71428571428571,82.53968253968253,52.38095238095239,12.698412698412698,12.698412698412698,93.65079365079364,61.904761904761905,66.66666666666666,1.5873015873015872,YES,OK,OK,core_exact,1.0,2024,BPS - Pendataan Potensi Desa (Podes) 2024,1.0536423382369169,0.3608327465497227,1.2280547541557403,-0.5552845803707465,2,Menengah / transisi,4.906625586273997,NO
Sulawesi Barat,76,Mamuju Tengah,7606,76.06,sulawesibarat|mamujutengah,Kabupaten Mamuju Tengah,MultiPolygon,5,56,31,56,17,17,22,30,13,52,55,36,10,33,1,55.35714285714286,100.0,60.71428571428571,46.42857142857143,23.214285714285715,7.14285714285714,98.21428571428571,64.28571428571429,76.78571428571429,1.7857142857142856,YES,OK,OK,core_exact,1.0,2024,BPS - Pendataan Potensi Desa (Podes) 2024,1.0099204862079854,0.3353998254289732,1.7259974506346714,-0.8432048731110647,2,Menengah / transisi,10.6980715031846,NO
Maluku,81,Kepulauan Tanimbar,8103,81.03,maluku|kepulauantanimbar,Kabupaten Kepulauan Tanimbar,MultiPolygon,10,89,69,88,38,17,34,78,7,83,29,26,9,36,2,77.52808988764045,98.87640449438202,61.79775280898876,12.35955056179775,7.865168539325842,6.741573033707871,32.58426966292135,29.213483146067414,50.56179775280899,2.247191011235955,YES,OK,OK,core_exact,1.0,2024,BPS - Pendataan Potensi Desa (Podes) 2024,-1.000614298010074,-0.3358022260032182,0.7282382661199576,1.6805277382694148,2,Menengah / transisi,9.31182929061707,NO
Maluku,81,Maluku Tenggara,8102,81.02,maluku|malukutenggara,Kabupaten Maluku Tenggara,MultiPolygon,11,193,38,141,98,82,13,191,2,188,92,43,34,88,3,19.689119170984455,73.05699481865285,93.26424870466322,1.0362694300518172,1.0362694300518136,2.590673575129532,47.66839378238342,22.279792746113987,63.212435233160626,1.5544041450777202,YES,OK,OK,core_exact,1.0,2024,BPS - Pendataan Potensi Desa (Podes) 2024,-2.501105302186079,0.6913512152839186,-0.6701511947920598,-0.7314276750969771,1,Relatif rendah lintas indikator,7.142833277318099,NO
Maluku,81,Maluku Tengah,8101,81.01,maluku|malukutengah,Kabupaten Maluku Tengah,MultiPolygon,19,196,121,180,119,58,19,158,11,185,138,79,55,89,5,61.73469387755102,91.83673469387756,90.3061224489796,19.387755102040817,5.612244897959184,5.612244897959185,70.40816326530613,40.30612244897959,73.46938775510205,2.5510204081632653,YES,OK,OK,core_exact,1.0,2024,BPS - Pendataan Potensi Desa (Podes) 2024,-0.40244317523906464,0.9172258788727694,0.347926276393917,0.2613415633024328,2,Menengah / transisi,2.111685905470608,NO
Maluku,81,Buru,8104,81.04,maluku|buru,Kabupaten Buru,MultiPolygon,10,82,65,75,35,35,12,58,11,79,54,6,14,47,1,79.26829268292683,91.46341463414635,85.36585365853658,29.268292682926834,13.414634146341465,3.658536585365857,65.85365853658537,7.317073170731707,74.39024390243902,1.2195121951219512,YES,OK,OK,core_exact,1.0,2024,BPS - Pendataan Potensi Desa (Podes) 2024,-0.37756621825512743,0.09173508674893664,-0.598966181144342,1.0289416445198696,2,Menengah / transisi,7.256432652228653,NO
Maluku,81,Kepulauan Aru,8107,81.07,maluku|kepulauanaru,Kabupaten Kepulauan Aru,MultiPolygon,10,119,98,111,10,52,57,116,2,117,7,24,18,53,1,82.35294117647058,93.27731092436974,52.10084033613446,2.5210084033613467,1.680672268907563,1.6806722689075682,5.88235294117647,20.168067226890756,59.66386554621849,0.8403361344537815,YES,OK,OK,core_exact,1.0,2024,BPS - Pendataan Potensi Desa (Podes) 2024,-2.059205378970507,-0.8397325106240067,0.7888297941118619,2.403227319558043,1,Relatif rendah lintas indikator,16.610842303204397,NO
Maluku,81,Seram Bagian Barat,8106,81.06,maluku|serambagianbarat,Kabupaten Seram Bagian Barat,MultiPolygon,11,92,57,80,58,27,7,71,11,87,65,40,14,31,2,61.95652173913043,86.95652173913044,92.3913043478261,22.826086956521742,11.956521739130435,5.434782608695654,70.65217391304348,43.47826086956522,48.91304347826087,2.1739130434782608,YES,OK,OK,core_exact,1.0,2024,BPS - Pendataan Potensi Desa (Podes) 2024,-0.1613253692171379,0.6364279482932553,0.34441658846041323,-0.10843746758638037,2,Menengah / transisi,2.8736596609994156,NO
Maluku,81,Seram Bagian Timur,8105,81.05,maluku|serambagiantimur,Kabupaten Seram Bagian Timur,MultiPolygon,15,198,120,192,40,125,33,193,3,194,54,30,1,86,2,60.60606060606061,96.96969696969697,83.33333333333334,2.5252525252525304,1.5151515151515151,2.020202020202022,27.27272727272727,15.151515151515152,43.93939393939394,1.0101010101010102,YES,OK,OK,core_exact,1.0,2024,BPS - Pendataan Potensi Desa (Podes) 2024,-1.7784268467906605,0.3761281123722074,-0.36949380809024285,1.5325435394824984,1,Relatif rendah lintas indikator,9.022293748438193,NO
Maluku,81,Maluku Barat Daya,8108,81.08,maluku|malukubaratdaya,Kabupaten Maluku Barat Daya,MultiPolygon,17,132,118,119,7,109,16,124,3,128,41,36,19,60,2,89.39393939393939,90.15151515151516,87.87878787878788,6.060606060606055,2.272727272727273,3.0303030303030276,31.060606060606062,27.27272727272727,59.84848484848485,1.5151515151515151,YES,OK,OK,core_exact,1.0,2024,BPS - Pendataan Potensi Desa (Podes) 2024,-1.0373583593025608,0.16546434137255703,0.19956518221659636,1.8818975996253748,2,Menengah / transisi,12.795934583374468,NO
Maluku,81,Buru Selatan,8109,81.09,maluku|buruselatan,Kabupaten Buru Selatan,MultiPolygon,6,81,65,74,29,49,3,71,3,78,47,62,11,27,0,80.24691358024691,91.35802469135803,96.29629629629629,12.345679012345679,3.7037037037037033,3.703703703703709,58.0246913580247,76.5432098765432,46.913580246913575,0.0,YES,OK,OK,core_exact,1.0,2024,BPS - Pendataan Potensi Desa (Podes) 2024,0.19622901958009906,1.0820336841962284,1.6503918725992008,0.5254748851447322,2,Menengah / transisi,14.665179487240728,NO
Maluku,81,Kota Ambon,8171,81.71,maluku|kotaambon,Kota Ambon,Polygon,5,50,47,50,49,1,0,28,11,38,46,16,36,14,2,94.0,100.0,100.0,43.99999999999999,22.0,24.0,92.0,32.0,100.0,4.0,YES,OK,OK,core_exact,1.0,2024,BPS - Pendataan Potensi Desa (Podes) 2024,1.8074539572655703,0.31549409571277415,-0.28761569557875916,0.6149324802404295,3,Relatif tinggi lintas indikator,5.282745698805306,NO
Maluku,81,Kota Tual,8172,81.72,maluku|kotatual,Kota Tual,MultiPolygon,5,30,25,19,14,7,9,27,2,26,13,15,11,9,1,83.33333333333334,63.33333333333333,70.0,9.999999999999998,6.666666666666667,13.33333333333333,43.333333333333336,50.0,66.66666666666666,3.3333333333333335,YES,OK,OK,core_exact,1.0,2024,BPS - Pendataan Potensi Desa (Podes) 2024,-1.0201444400810498,-0.8217593463773009,1.3216363048062647,0.3765560956946612,2,Menengah / transisi,13.350544853940786,NO
Maluku Utara,82,Halmahera Barat,8201,82.01,malukuutara|halmaherabarat,Kabupaten Halmahera Barat,MultiPolygon,9,173,81,155,58,90,25,159,9,166,90,18,7,74,2,46.82080924855491,89.59537572254335,85.54913294797689,8.092485549132943,5.202312138728324,4.046242774566478,52.02312138728323,10.404624277456648,46.82080924855491,1.1560693641618496,YES,OK,OK,core_exact,1.0,2024,BPS - Pendataan Potensi Desa (Podes) 2024,-1.67562607667506,0.5292644943007518,-0.7076591219674138,0.507004540933702,2,Menengah / transisi,3.3515762902862942,NO
Maluku Utara,82,Halmahera Tengah,8202,82.02,malukuutara|halmaheratengah,Kabupaten Halmahera Tengah,MultiPolygon,10,72,33,67,42,28,2,57,6,68,33,10,1,33,0,45.83333333333333,93.05555555555556,97.22222222222221,20.833333333333336,8.333333333333332,5.555555555555558,45.83333333333333,13.88888888888889,47.22222222222222,0.0,YES,OK,OK,core_exact,1.0,2024,BPS - Pendataan Potensi Desa (Podes) 2024,-1.1436274426044768,0.4985900484379569,-1.027454038492955,0.4378983943655891,2,Menengah / transisi,5.387715795531737,NO
Maluku Utara,82,Kepulauan Sula,8205,82.05,malukuutara|kepulauansula,Kabupaten Kepulauan Sula,MultiPolygon,12,80,53,65,42,29,9,69,7,76,35,1,16,19,0,66.25,81.25,88.75,13.749999999999996,8.75,5.000000000000004,43.75,1.25,43.75,0.0,YES,OK,OK,core_exact,1.0,2024,BPS - Pendataan Potensi Desa (Podes) 2024,-1.4913453835521346,-0.13547727904997076,-1.0054150376874387,0.9227092696384009,2,Menengah / transisi,6.979673521840038,NO
Maluku Utara,82,Halmahera Selatan,8204,82.04,malukuutara|halmaheraselatan,Kabupaten Halmahera Selatan,MultiPolygon,30,256,202,195,194,39,23,234,5,242,85,26,19,78,0,78.90625,76.171875,91.015625,8.59375,1.953125,5.46875,33.203125,10.15625,37.890625,0.0,YES,OK,OK,core_exact,1.0,2024,BPS - Pendataan Potensi Desa (Podes) 2024,-1.6245993351207415,-0.17788394581953862,-0.5873934111947263,1.3539719403160067,1,Relatif rendah lintas indikator,10.600788544539972,NO
Maluku Utara,82,Halmahera Utara,8203,82.03,malukuutara|halmaherautara,Kabupaten Halmahera Utara,MultiPolygon,17,198,77,165,126,62,10,179,9,194,92,35,48,92,5,38.88888888888889,83.33333333333334,94.94949494949495,9.595959595959592,4.545454545454546,2.020202020202022,46.464646464646464,17.67676767676768,70.70707070707071,2.525252525252525,YES,OK,OK,core_exact,1.0,2024,BPS - Pendataan Potensi Desa (Podes) 2024,-1.7918210005522448,0.6042346342303501,-0.7673111468408926,0.05872542490731234,2,Menengah / transisi,4.284895587168193,NO
Maluku Utara,82,Halmahera Timur,8206,82.06,malukuutara|halmaheratimur,Kabupaten Halmahera Timur,MultiPolygon,10,104,54,79,47,44,13,91,8,99,43,16,10,39,0,51.92307692307693,75.96153846153845,87.5,12.5,7.6923076923076925,4.807692307692313,41.34615384615385,15.384615384615385,47.11538461538461,0.0,YES,OK,OK,core_exact,1.0,2024,BPS - Pendataan Potensi Desa (Podes) 2024,-1.7148513486867294,-0.09930879296326353,-0.6001849441787593,0.2475470347828312,1,Relatif rendah lintas indikator,3.7611854671423384,NO
Maluku Utara,82,Pulau Morotai,8207,82.07,malukuutara|pulaumorotai,Kabupaten Pulau Morotai,MultiPolygon,6,88,54,75,58,15,15,73,4,85,56,0,9,30,0,61.36363636363637,85.22727272727273,82.95454545454545,17.04545454545454,4.545454545454546,3.409090909090906,63.63636363636363,0.0,44.31818181818182,0.0,YES,OK,OK,core_exact,1.0,2024,BPS - Pendataan Potensi Desa (Podes) 2024,-1.467572180796538,0.3372629902006045,-0.8312407455440002,0.7592486038637676,2,Menengah / transisi,4.120557878602774,NO
Maluku Utara,82,Pulau Taliabu,8208,82.08,malukuutara|pulautaliabu,Kabupaten Pulau Taliabu,MultiPolygon,8,71,55,64,15,11,45,59,3,70,29,0,13,16,0,77.46478873239437,90.14084507042254,36.61971830985916,16.901408450704224,4.225352112676056,1.4084507042253502,40.845070422535215,0.0,40.845070422535215,0.0,YES,OK,OK,core_exact,1.0,2024,BPS - Pendataan Potensi Desa (Podes) 2024,-2.008832289840327,-0.9436611468122819,0.5105978254853584,1.885422363123522,1,Relatif rendah lintas indikator,11.567102662006963,NO
Maluku Utara,82,Kota Ternate,8271,82.71,malukuutara|kotaternate,Kota Ternate,MultiPolygon,8,78,45,66,22,54,2,65,7,62,58,13,42,26,1,57.692307692307686,84.61538461538461,97.43589743589743,16.666666666666664,8.974358974358974,20.512820512820518,74.35897435897436,16.666666666666664,87.17948717948718,1.282051282051282,YES,OK,OK,core_exact,1.0,2024,BPS - Pendataan Potensi Desa (Podes) 2024,-0.525378466728796,0.49467909374398567,-0.8810487576704039,0.05701680690450722,2,Menengah / transisi,4.039704108068349,NO
Maluku Utara,82,Kota Tidore Kepulauan,8272,82.72,malukuutara|kotatidorekepulauan,Kota Tidore Kepulauan,MultiPolygon,8,89,54,67,64,23,2,78,7,80,67,18,25,35,0,60.67415730337079,75.28089887640449,97.75280898876404,12.35955056179775,7.865168539325842,10.1123595505618,75.28089887640449,20.224719101123593,67.41573033707866,0.0,YES,OK,OK,core_exact,1.0,2024,BPS - Pendataan Potensi Desa (Podes) 2024,-0.8876984190426997,0.5629250693393595,-0.5698042024536086,-0.12532044062204645,2,Menengah / transisi,5.958948524898049,NO
Papua Barat,92,Fakfak,9203,92.03,papuabarat|fakfak,Kabupaten Fak Fak,MultiPolygon,17,149,80,135,86,16,47,139,5,137,42,14,44,57,0,53.691275167785236,90.60402684563759,68.45637583892618,6.711409395973156,3.3557046979865772,8.053691275167784,28.187919463087248,9.395973154362416,67.78523489932886,0.0,YES,OK,OK,fuzzy,0.9230769230769231,2024,BPS - Pendataan Potensi Desa (Podes) 2024,-2.059073743737982,-0.26844487241906223,-0.32664811885537903,1.1986637560101248,1,Relatif rendah lintas indikator,6.123867998763712,NO
Papua Barat,92,Kaimana,9208,92.08,papuabarat|kaimana,Kabupaten Kaimana,MultiPolygon,7,86,70,77,6,7,73,79,2,82,5,8,7,38,1,81.3953488372093,89.53488372093024,15.11627906976744,8.139534883720934,2.3255813953488373,4.651162790697672,5.813953488372093,9.30232558139535,52.32558139534884,1.1627906976744187,YES,OK,OK,core_exact,1.0,2024,BPS - Pendataan Potensi Desa (Podes) 2024,-2.6354816975289554,-1.881955155045215,1.3404848813370738,2.51897812161372,1,Relatif rendah lintas indikator,21.672392039443054,YES
Papua Barat,92,Teluk Wondama,9207,92.07,papuabarat|telukwondama,Kabupaten Teluk Wondama,MultiPolygon,13,77,52,75,6,27,44,70,1,72,10,10,11,40,0,67.53246753246754,97.40259740259741,42.857142857142854,9.090909090909093,1.2987012987012987,6.493506493506496,12.987012987012985,12.987012987012985,66.23376623376623,0.0,YES,OK,OK,core_exact,1.0,2024,BPS - Pendataan Potensi Desa (Podes) 2024,-2.1915311636587678,-0.89788622607212,0.586290133783056,2.1101440218615157,1,Relatif rendah lintas indikator,14.126711862081788,NO
Papua Barat,92,Teluk Bintuni,9206,92.06,papuabarat|telukbintuni,Kabupaten Teluk Bintuni,MultiPolygon,24,262,96,207,32,112,118,248,2,254,20,16,34,97,0,36.6412213740458,79.00763358778626,54.961832061068705,5.343511450381677,0.7633587786259541,3.053435114503822,7.633587786259542,6.106870229007633,50.0,0.0,YES,OK,OK,core_exact,1.0,2024,BPS - Pendataan Potensi Desa (Podes) 2024,-3.234438061015522,-0.9120360931857173,-0.20596636788529038,0.8506572915181205,1,Relatif rendah lintas indikator,8.303684216620487,NO
Papua Barat,92,Manokwari,9202,92.02,papuabarat|manokwari,Kabupaten Manokwari,MultiPolygon,9,173,67,138,112,40,21,160,6,161,59,11,47,83,0,38.72832369942196,79.76878612716763,87.86127167630057,7.514450867052025,3.4682080924855487,6.936416184971095,34.104046242774565,6.358381502890173,75.14450867052022,0.0,YES,OK,OK,core_exact,1.0,2024,BPS - Pendataan Potensi Desa (Podes) 2024,-2.259614966514864,0.05176755251507803,-1.051025756550339,0.3312024611325467,1,Relatif rendah lintas indikator,4.940549700309475,NO
Papua Barat,92,Manokwari Selatan,9211,92.11,papuabarat|manokwariselatan,Kabupaten Manokwari Selatan,MultiPolygon,6,57,29,33,35,18,4,53,2,55,7,0,4,21,0,50.877192982456144,57.89473684210527,92.98245614035088,7.017543859649122,3.508771929824561,3.508771929824561,12.280701754385964,0.0,43.859649122807014,0.0,YES,SOURCE_VARIANT,Subkategori pasar tanpa bangunan tidak tersedia; indikator utama pasar tetap dapat dihitung,core_exact,1.0,2024,BPS - Pendataan Potensi Desa (Podes) 2024,-2.848499939098845,-0.8241585710932251,-1.292020372614144,0.4182860642823786,1,Relatif rendah lintas indikator,12.012105072570936,NO
Papua Barat,92,Pegunungan Arfak,9212,92.12,papuabarat|pegununganarfak,Kabupaten Pegunungan Arfak,Polygon,10,166,47,50,1,134,31,162,0,165,1,1,1,42,0,28.313253012048197,30.120481927710845,81.32530120481928,2.409638554216864,0.0,0.6024096385542133,0.6024096385542169,0.6024096385542169,25.903614457831324,0.0,YES,OK,OK,core_exact,1.0,2024,BPS - Pendataan Potensi Desa (Podes) 2024,-4.301819233662127,-1.5831756876023213,-1.0872264604088873,-0.7094574318710013,1,Relatif rendah lintas indikator,18.52206487312949,NO
Papua Barat Daya,96,Raja Ampat,9603,96.03,papuabaratdaya|rajaampat,Kabupaten Raja Ampat,MultiPolygon,24,122,85,113,27,7,88,116,1,112,5,38,19,46,3,69.67213114754098,92.62295081967213,27.86885245901639,4.918032786885251,0.819672131147541,8.196721311475407,4.098360655737705,31.147540983606557,53.278688524590166,2.459016393442623,YES,OK,OK,core_exact,1.0,2024,BPS - Pendataan Potensi Desa (Podes) 2024,-2.3147030094331122,-1.3453383429452297,1.618359769423951,2.0045908052536623,1,Relatif rendah lintas indikator,19.506090603432884,NO
Papua Barat Daya,96,Sorong,9601,96.01,papuabaratdaya|sorong,Kabupaten Sorong,MultiPolygon,30,258,173,236,42,113,103,242,2,247,35,21,40,154,0,67.05426356589147,91.47286821705426,60.07751937984496,6.2015503875969,0.7751937984496124,4.263565891472865,13.565891472868216,8.13953488372093,75.1937984496124,0.0,YES,OK,OK,core_exact_type,1.0,2024,BPS - Pendataan Potensi Desa (Podes) 2024,-2.2713401681054086,-0.6219245287647985,0.0024266548551046697,1.9384309147766472,1,Relatif rendah lintas indikator,10.47753528715678,NO
Papua Barat Daya,96,Sorong Selatan,9602,96.02,papuabaratdaya|sorongselatan,Kabupaten Sorong Selatan,MultiPolygon,15,159,109,155,49,39,71,134,2,152,34,5,33,73,0,68.55345911949685,97.48427672955975,55.34591194968554,15.723270440251568,1.257861635220126,4.402515723270439,21.38364779874214,3.1446540880503147,66.66666666666666,0.0,YES,OK,OK,core_exact,1.0,2024,BPS - Pendataan Potensi Desa (Podes) 2024,-1.9977933223404845,-0.6016233938436202,-0.051616272221978905,2.0803882175359374,1,Relatif rendah lintas indikator,10.995511686641153,NO
Papua Barat Daya,96,Maybrat,9605,96.05,papuabaratdaya|maybrat,Kabupaten Maybrat,Polygon,24,260,117,211,46,150,64,231,1,257,4,0,32,132,0,45.0,81.15384615384616,75.38461538461539,11.153846153846159,0.38461538461538464,1.1538461538461497,1.5384615384615385,0.0,63.07692307692307,0.0,YES,OK,OK,core_exact,1.0,2024,BPS - Pendataan Potensi Desa (Podes) 2024,-2.899794003969889,-0.6711574581445934,-0.9060556821552094,1.2241394988148728,1,Relatif rendah lintas indikator,10.684651488276081,NO
Papua Barat Daya,96,Tambrauw,9604,96.04,papuabaratdaya|tambrauw,Kabupaten Tambrauw,MultiPolygon,29,216,84,172,31,129,56,206,1,213,2,3,9,107,0,38.88888888888889,79.62962962962963,74.07407407407408,4.629629629629628,0.4629629629629629,1.388888888888884,0.9259259259259258,1.3888888888888888,53.70370370370371,0.0,YES,OK,OK,core_exact,1.0,2024,BPS - Pendataan Potensi Desa (Podes) 2024,-3.1386703799716997,-0.6256944848293464,-0.861779403483572,1.025308345397826,1,Relatif rendah lintas indikator,10.497220359775174,NO
Papua Barat Daya,96,Kota Sorong,9671,96.71,papuabaratdaya|kotasorong,Kota Sorong,MultiPolygon,10,41,34,39,28,10,3,14,6,23,24,6,26,11,1,82.92682926829268,95.1219512195122,92.6829268292683,65.85365853658536,14.634146341463413,43.90243902439024,58.536585365853654,14.634146341463413,90.2439024390244,2.4390243902439024,YES,OK,OK,core_exact_type,1.0,2024,BPS - Pendataan Potensi Desa (Podes) 2024,1.268573615602741,-0.981136699480446,-1.1541530246881977,0.9609541781576589,3,Relatif tinggi lintas indikator,6.747397745146802,NO
Papua,91,Jayapura,9103,91.03,papua|jayapura,Kabupaten Jayapura,MultiPolygon,19,144,77,114,78,44,22,113,1,134,60,17,42,48,0,53.47222222222222,79.16666666666666,84.72222222222221,21.52777777777778,0.6944444444444444,6.944444444444442,41.66666666666667,11.805555555555555,62.5,0.0,YES,OK,OK,core_exact_type,1.0,2024,BPS - Pendataan Potensi Desa (Podes) 2024,-1.7430969796807636,-0.0418563464774226,-0.6309590703629558,0.583151919028669,1,Relatif rendah lintas indikator,3.017205237932947,NO
Papua,91,Kepulauan Yapen,9105,91.05,papua|kepulauanyapen,Kabupaten Kepulauan Yapen,MultiPolygon,17,165,96,122,53,44,68,118,6,159,38,5,8,57,0,58.18181818181818,73.93939393939394,58.78787878787879,28.48484848484848,3.6363636363636362,3.6363636363636376,23.03030303030303,3.0303030303030303,39.39393939393939,0.0,YES,OK,OK,core_exact,1.0,2024,BPS - Pendataan Potensi Desa (Podes) 2024,-2.3064694538062467,-1.220521875207601,-0.2618319120710981,0.952941576749545,1,Relatif rendah lintas indikator,5.243567339031172,NO
Papua,91,Biak Numfor,9106,91.06,papua|biaknumfor,Kabupaten Biak Numfor,MultiPolygon,19,271,132,251,186,9,76,247,7,260,59,22,76,145,0,48.708487084870846,92.619926199262,71.95571955719558,8.856088560885611,2.5830258302583027,4.059040590405905,21.771217712177123,8.118081180811808,81.54981549815497,0.0,YES,OK,OK,core_exact,1.0,2024,BPS - Pendataan Potensi Desa (Podes) 2024,-2.209511653981438,-0.16548038183514036,-0.4909684322861302,1.2291195130530053,1,Relatif rendah lintas indikator,7.776184611596995,NO
Papua,91,Sarmi,9110,91.10,papua|sarmi,Kabupaten Sarmi,MultiPolygon,10,111,38,64,64,14,33,93,1,107,18,13,27,35,0,34.234234234234236,57.65765765765766,70.27027027027027,16.216216216216218,0.9009009009009009,3.6036036036036,16.216216216216218,11.711711711711711,55.85585585585585,0.0,YES,OK,OK,core_exact,1.0,2024,BPS - Pendataan Potensi Desa (Podes) 2024,-3.1208393315512275,-1.0676004003999608,-0.4275205028207461,-0.14590966168753128,1,Relatif rendah lintas indikator,6.247596363677778,NO
Papua,91,Keerom,9111,91.11,papua|keerom,Kabupaten Keerom,Polygon,11,91,52,58,10,30,51,71,5,85,30,9,7,40,0,57.14285714285714,63.73626373626373,43.956043956043956,21.978021978021978,5.4945054945054945,6.593406593406592,32.967032967032964,9.89010989010989,51.64835164835166,0.0,YES,OK,OK,core_exact,1.0,2024,BPS - Pendataan Potensi Desa (Podes) 2024,-2.498765580060422,-1.5783701275943278,0.3864025770630821,0.4267839258092161,1,Relatif rendah lintas indikator,4.289481822089377,NO
Papua,91,Waropen,9115,91.15,papua|waropen,Kabupaten Waropen,MultiPolygon,12,111,73,87,1,38,72,100,3,103,35,0,13,61,0,65.76576576576578,78.37837837837837,35.13513513513514,9.909909909909908,2.7027027027027026,7.207207207207212,31.53153153153153,0.0,66.66666666666666,0.0,YES,OK,OK,core_exact,1.0,2024,BPS - Pendataan Potensi Desa (Podes) 2024,-2.62919738103121,-1.327327348246702,0.39388348100167364,1.405169679395665,1,Relatif rendah lintas indikator,8.741728799924662,NO
Papua,91,Supiori,9119,91.19,papua|supiori,Kabupaten Supiori,MultiPolygon,5,38,31,37,27,7,4,32,0,35,8,1,3,22,0,81.57894736842105,97.36842105263158,89.47368421052632,15.789473684210531,0.0,7.8947368421052655,21.052631578947366,2.631578947368421,65.78947368421053,0.0,YES,OK,OK,core_exact,1.0,2024,BPS - Pendataan Potensi Desa (Podes) 2024,-1.3263631564611351,-0.03838640952806167,-0.8934549118725436,2.3435108540927243,2,Menengah / transisi,13.721800143549316,NO
Papua,91,Mamberamo Raya,9120,91.20,papua|mamberamoraya,Kabupaten Mamberamo Raya,MultiPolygon,9,59,32,35,3,7,49,44,2,56,0,3,10,26,0,54.23728813559322,59.32203389830508,16.94915254237288,25.423728813559322,3.389830508474576,5.0847457627118615,0.0,5.084745762711865,61.016949152542374,0.0,YES,OK,OK,core_exact,1.0,2024,BPS - Pendataan Potensi Desa (Podes) 2024,-3.473586940557653,-2.778161654597243,0.8365705308603426,0.9020562681452757,1,Relatif rendah lintas indikator,12.258555824820391,NO
Papua,91,Kota Jayapura,9171,91.71,papua|kotajayapura,Kota Jayapura,MultiPolygon,5,39,32,39,33,6,0,13,6,18,30,5,19,20,0,82.05128205128204,100.0,100.0,66.66666666666667,15.384615384615385,53.84615384615385,76.92307692307693,12.82051282051282,100.0,0.0,YES,OK,OK,core_exact_type,1.0,2024,BPS - Pendataan Potensi Desa (Podes) 2024,1.8439388180892853,-0.6059984659499739,-1.4953823031610476,0.7693191855835387,3,Relatif tinggi lintas indikator,8.708491227037609,NO
Papua Selatan,93,Merauke,9301,93.01,papuaselatan|merauke,Kabupaten Merauke,MultiPolygon,22,190,132,156,56,37,97,172,7,172,89,18,31,85,3,69.47368421052632,82.10526315789474,48.94736842105264,9.473684210526311,3.684210526315789,9.473684210526311,46.8421052631579,9.473684210526317,61.05263157894737,1.5789473684210527,YES,OK,OK,core_exact,1.0,2024,BPS - Pendataan Potensi Desa (Podes) 2024,-1.9236479740194843,-0.7164856678076953,0.4003227271633796,1.1913966576530908,1,Relatif rendah lintas indikator,6.361694860589321,NO
Papua Selatan,93,Boven Digoel,9302,93.02,papuaselatan|bovendigoel,Kabupaten Boven Digoel,Polygon,20,112,74,93,0,57,55,99,2,107,10,4,1,52,0,66.07142857142857,83.03571428571429,50.89285714285714,11.607142857142861,1.7857142857142856,4.46428571428571,8.928571428571429,3.571428571428571,47.32142857142857,0.0,YES,OK,OK,core_exact,1.0,2024,BPS - Pendataan Potensi Desa (Podes) 2024,-2.575237056937866,-1.2167973920893047,0.04774922978957858,1.7803834179527154,1,Relatif rendah lintas indikator,9.59629138121278,NO
Papua Selatan,93,Mappi,9303,93.03,papuaselatan|mappi,Kabupaten Mappi,MultiPolygon,15,164,124,134,2,53,109,154,4,157,10,0,4,102,0,75.60975609756098,81.70731707317073,33.53658536585366,6.0975609756097615,2.4390243902439024,4.268292682926833,6.097560975609756,0.0,64.63414634146342,0.0,YES,OK,OK,core_exact,1.0,2024,BPS - Pendataan Potensi Desa (Podes) 2024,-2.833154786702085,-1.688088135461398,0.48926030917527347,2.175929289056744,1,Relatif rendah lintas indikator,14.741404924083039,NO
Papua Selatan,93,Asmat,9304,93.04,papuaselatan|asmat,Kabupaten Asmat,MultiPolygon,25,224,154,169,3,6,215,204,5,218,3,5,12,134,0,68.75,75.44642857142857,4.017857142857143,8.92857142857143,2.232142857142857,2.67857142857143,1.3392857142857142,2.232142857142857,65.17857142857143,0.0,YES,OK,OK,core_exact,1.0,2024,BPS - Pendataan Potensi Desa (Podes) 2024,-3.4634771094971732,-2.4617319030299294,1.2997253399785311,1.9556245134715686,1,Relatif rendah lintas indikator,19.585848976128634,NO
Papua Tengah,94,Mimika,9404,94.04,papuatengah|mimika,Kabupaten Mimika,MultiPolygon,18,152,55,65,18,26,108,130,4,137,21,8,21,41,0,36.18421052631579,42.76315789473684,28.947368421052634,14.473684210526317,2.631578947368421,9.868421052631582,13.815789473684212,5.263157894736842,40.78947368421053,0.0,YES,OK,OK,core_exact,1.0,2024,BPS - Pendataan Potensi Desa (Podes) 2024,-3.917225512813974,-2.5110325454919327,0.4082990905342103,-0.2860878614502373,1,Relatif rendah lintas indikator,9.780533300294262,NO
Papua Tengah,94,Dogiyai,9406,94.06,papuatengah|dogiyai,Kabupaten Dogiyai,Polygon,10,79,8,5,2,30,47,74,0,78,0,2,2,2,0,10.126582278481013,6.329113924050633,40.50632911392405,6.329113924050633,0.0,1.2658227848101222,0.0,2.5316455696202533,5.063291139240507,0.0,YES,OK,OK,core_exact,1.0,2024,BPS - Pendataan Potensi Desa (Podes) 2024,-5.513875157608918,-2.9289848868830712,-0.08267656245840047,-1.7842894730033256,1,Relatif rendah lintas indikator,25.695561377627325,YES
Papua Tengah,94,Deiyai,9408,94.08,papuatengah|deiyai,Kabupaten Deiyai,MultiPolygon,5,67,3,3,2,53,12,65,0,66,0,1,0,17,0,4.477611940298507,4.477611940298507,82.08955223880598,2.985074626865669,0.0,1.4925373134328401,0.0,1.4925373134328357,25.37313432835821,0.0,YES,OK,OK,core_exact,1.0,2024,BPS - Pendataan Potensi Desa (Podes) 2024,-5.174525148381245,-2.0663577186394555,-1.279693094830407,-2.14301875510333,1,Relatif rendah lintas indikator,35.49890737718058,YES
Papua Tengah,94,Nabire,9401,94.01,papuatengah|nabire,Kabupaten Nabire,MultiPolygon,15,89,49,51,29,20,40,62,8,76,41,15,0,36,0,55.0561797752809,57.30337078651685,55.0561797752809,30.33707865168539,8.98876404494382,14.60674157303371,46.06741573033708,16.853932584269664,40.44943820224719,0.0,YES,OK,OK,core_exact,1.0,2024,BPS - Pendataan Potensi Desa (Podes) 2024,-1.8632449677138017,-1.5713119228935635,0.20891121039220714,-0.28362723476800417,1,Relatif rendah lintas indikator,4.195629327311794,NO
Papua Tengah,94,Paniai,9403,94.03,papuatengah|paniai,Kabupaten Paniai,MultiPolygon,24,216,6,1,3,67,146,188,0,213,16,0,8,7,0,2.7777777777777777,0.4629629629629629,32.407407407407405,12.962962962962965,0.0,1.388888888888884,7.4074074074074066,0.0,6.944444444444445,0.0,YES,OK,OK,core_exact,1.0,2024,BPS - Pendataan Potensi Desa (Podes) 2024,-5.70159126161936,-3.1527949010148393,-0.013240036811393125,-2.228163048215856,1,Relatif rendah lintas indikator,30.360831796183213,YES
Papua Tengah,94,Intan Jaya,9407,94.07,papuatengah|intanjaya,Kabupaten Intan Jaya,Polygon,8,97,1,0,0,24,73,93,0,96,1,1,0,0,0,1.0309278350515463,0.0,24.742268041237114,4.123711340206182,0.0,1.0309278350515427,1.0309278350515463,1.0309278350515463,0.0,0.0,YES,OK,OK,core_exact,1.0,2024,BPS - Pendataan Potensi Desa (Podes) 2024,-6.052237283363004,-3.3030316436194247,0.22563550601673063,-2.1474153884490854,1,Relatif rendah lintas indikator,30.30802826795133,YES
Papua Tengah,94,Puncak,9405,94.05,papuatengah|puncak,Kabupaten Puncak,MultiPolygon,25,206,2,0,0,41,165,201,2,204,0,0,0,11,0,0.9708737864077669,0.0,19.902912621359224,2.4271844660194164,0.9708737864077669,0.9708737864077666,0.0,0.0,5.339805825242718,0.0,YES,OK,OK,core_exact,1.0,2024,BPS - Pendataan Potensi Desa (Podes) 2024,-6.143408483961534,-3.432815261973782,0.3132866685871985,-2.1196652717488553,1,Relatif rendah lintas indikator,30.352787186072597,YES
Papua Tengah,94,Puncak Jaya,9402,94.02,papuatengah|puncakjaya,Kabupaten Puncak Jaya,Polygon,26,302,62,67,2,123,177,291,1,300,2,5,0,47,1,20.52980132450331,22.185430463576157,41.390728476821195,3.6423841059602613,0.33112582781456956,0.6622516556291425,0.6622516556291391,1.6556291390728477,15.562913907284766,0.33112582781456956,YES,OK,OK,core_exact,1.0,2024,BPS - Pendataan Potensi Desa (Podes) 2024,-5.06106921952667,-2.551676105700763,-0.04652455997137694,-1.0255973439700743,1,Relatif rendah lintas indikator,16.258502374282642,NO
Papua Pegunungan,95,Nduga,9508,95.08,papuapegunungan|nduga,Kabupaten Nduga,MultiPolygon,32,248,5,0,1,16,231,226,1,247,0,0,0,7,0,2.0161290322580645,0.0,6.854838709677419,8.870967741935488,0.4032258064516129,0.40322580645161255,0.0,0.0,2.82258064516129,0.0,YES,OK,OK,core_exact,1.0,2024,BPS - Pendataan Potensi Desa (Podes) 2024,-6.214318810695707,-3.7527422503686227,0.6640406998333944,-2.0457404902452803,1,Relatif rendah lintas indikator,31.54872921073727,YES
Papua Pegunungan,95,Jayawijaya,9501,95.01,papuapegunungan|jayawijaya,Kabupaten Jayawijaya,Polygon,40,332,87,99,143,58,131,311,4,328,5,4,24,88,0,26.20481927710843,29.819277108433734,60.54216867469879,6.325301204819278,1.2048192771084338,1.2048192771084376,1.5060240963855422,1.2048192771084338,33.734939759036145,0.0,YES,OK,OK,core_exact,1.0,2024,BPS - Pendataan Potensi Desa (Podes) 2024,-4.478091732770849,-2.069938666502263,-0.5558299932931648,-0.7615903002514864,1,Relatif rendah lintas indikator,14.238993832389296,NO
Papua Pegunungan,95,Lanny Jaya,9507,95.07,papuapegunungan|lannyjaya,Kabupaten Lanny Jaya,MultiPolygon,39,355,83,142,12,42,301,343,1,354,0,0,5,35,0,23.380281690140844,40.0,15.211267605633802,3.3802816901408406,0.28169014084507044,0.28169014084507005,0.0,0.0,11.267605633802818,0.0,YES,OK,OK,core_exact,1.0,2024,BPS - Pendataan Potensi Desa (Podes) 2024,-5.041196350535732,-2.6722967807107367,0.6026694832308174,-0.28367755387270815,1,Relatif rendah lintas indikator,12.65169239167897,NO
Papua Pegunungan,95,Tolikara,9504,95.04,papuapegunungan|tolikara,Kabupaten Tolikara,MultiPolygon,46,545,152,37,14,339,192,532,0,542,0,0,0,94,0,27.889908256880737,6.7889908256880735,64.77064220183486,2.3853211009174258,0.0,0.5504587155963248,0.0,0.0,17.24770642201835,0.0,YES,OK,OK,core_exact,1.0,2024,BPS - Pendataan Potensi Desa (Podes) 2024,-5.011997996000713,-2.5029562287273928,-0.6315498821801591,-1.3164134451299407,1,Relatif rendah lintas indikator,29.452342861265446,YES
Papua Pegunungan,95,Mamberamo Tengah,9505,95.05,papuapegunungan|mamberamotengah,Kabupaten Mamberamo Tengah,Polygon,5,59,13,9,16,6,37,39,0,58,0,0,2,14,0,22.033898305084744,15.254237288135593,37.28813559322034,33.89830508474576,0.0,1.6949152542372836,0.0,0.0,27.11864406779661,0.0,YES,OK,OK,core_exact,1.0,2024,BPS - Pendataan Potensi Desa (Podes) 2024,-4.741446149468991,-3.203855746655387,-0.08442633423576655,-1.2493874197362569,1,Relatif rendah lintas indikator,23.522966562902457,YES
Papua Pegunungan,95,Yalimo,9506,95.06,papuapegunungan|yalimo,Kabupaten Yalimo,Polygon,5,300,30,50,26,73,201,272,0,298,1,0,6,43,0,10.0,16.666666666666664,33.0,9.333333333333337,0.0,0.666666666666671,0.33333333333333337,0.0,16.333333333333332,0.0,YES,OK,OK,core_exact,1.0,2024,BPS - Pendataan Potensi Desa (Podes) 2024,-5.401437936235524,-2.8597686248973964,0.011335667284774703,-1.4377311752895054,1,Relatif rendah lintas indikator,19.46703912102619,NO
Papua Pegunungan,95,Yahukimo,9503,95.03,papuapegunungan|yahukimo,Kabupaten Yahukimo,MultiPolygon,51,518,3,14,25,29,464,426,0,517,4,2,3,14,0,0.5791505791505791,2.7027027027027026,10.424710424710424,17.76061776061776,0.0,0.19305019305019266,0.7722007722007722,0.3861003861003861,3.2818532818532815,0.0,YES,OK,OK,core_exact,1.0,2024,BPS - Pendataan Potensi Desa (Podes) 2024,-5.98834433596253,-3.677385892805237,0.5416537351003231,-2.0625532146115524,1,Relatif rendah lintas indikator,30.70772890525508,YES
Papua Pegunungan,95,Pegunungan Bintang,9502,95.02,papuapegunungan|pegununganbintang,Kab Pegunungan Bintang,Polygon,34,277,70,121,14,32,231,254,0,273,5,6,26,77,0,25.27075812274368,43.682310469314075,16.60649819494585,8.30324909747292,0.0,1.4440433212996373,1.8050541516245486,2.166064981949458,37.18411552346571,0.0,YES,OK,OK,core_exact,1.0,2024,BPS - Pendataan Potensi Desa (Podes) 2024,-4.766782514129801,-2.59172629183388,0.6309365509163328,-0.19703341029050256,1,Relatif rendah lintas indikator,11.87149388493308,NO
